Year,Jurisdiction,NAICS,Value
2001,Canada,Forestry and logging,58230
2001,Canada,Paper manufacturing,103420
2001,Canada,Support activities for forestry,20980
2001,Canada,Wood product manufacturing,151515
2001,Alberta,Forestry and logging,3080
2001,Alberta,Paper manufacturing,3800
2001,Alberta,Support activities for forestry,1650
2001,Alberta,Wood product manufacturing,10675
2001,British Columbia,Forestry and logging,22930
2001,British Columbia,Paper manufacturing,14175
2001,British Columbia,Support activities for forestry,8080
2001,British Columbia,Wood product manufacturing,43260
2001,Manitoba,Forestry and logging,610
2001,Manitoba,Paper manufacturing,2850
2001,Manitoba,Support activities for forestry,800
2001,Manitoba,Wood product manufacturing,4200
2001,New Brunswick,Forestry and logging,4725
2001,New Brunswick,Paper manufacturing,3795
2001,New Brunswick,Support activities for forestry,1300
2001,New Brunswick,Wood product manufacturing,7310
2001,Newfoundland and Labrador,Forestry and logging,1200
2001,Newfoundland and Labrador,Paper manufacturing,1660
2001,Newfoundland and Labrador,Support activities for forestry,285
2001,Newfoundland and Labrador,Wood product manufacturing,805
2001,Northwest Territories,Forestry and logging,30
2001,Northwest Territories,Paper manufacturing,0
2001,Northwest Territories,Support activities for forestry,165
2001,Northwest Territories,Wood product manufacturing,15
2001,Nova Scotia,Forestry and logging,2185
2001,Nova Scotia,Paper manufacturing,3025
2001,Nova Scotia,Support activities for forestry,645
2001,Nova Scotia,Wood product manufacturing,3580
2001,Ontario,Forestry and logging,8945
2001,Ontario,Paper manufacturing,38120
2001,Ontario,Support activities for forestry,2340
2001,Ontario,Wood product manufacturing,35425
2001,Prince Edward Island,Forestry and logging,105
2001,Prince Edward Island,Paper manufacturing,70
2001,Prince Edward Island,Support activities for forestry,55
2001,Prince Edward Island,Wood product manufacturing,300
2001,Quebec,Forestry and logging,13345
2001,Quebec,Paper manufacturing,34700
2001,Quebec,Support activities for forestry,4285
2001,Quebec,Wood product manufacturing,44090
2001,Saskatchewan,Forestry and logging,1035
2001,Saskatchewan,Paper manufacturing,1225
2001,Saskatchewan,Support activities for forestry,1365
2001,Saskatchewan,Wood product manufacturing,1820
2001,Yukon,Forestry and logging,40
2001,Yukon,Paper manufacturing,0
2001,Yukon,Support activities for forestry,10
2001,Yukon,Wood product manufacturing,35
2001,Northwest Territories including Nunavut,Forestry and logging,0
2001,Northwest Territories including Nunavut,Paper manufacturing,0
2001,Northwest Territories including Nunavut,Support activities for forestry,0
2001,Northwest Territories including Nunavut,Wood product manufacturing,0
2001,Nunavut,Forestry and logging,0
2001,Nunavut,Paper manufacturing,0
2001,Nunavut,Support activities for forestry,0
2001,Nunavut,Wood product manufacturing,0
2002,Canada,Forestry and logging,58340
2002,Canada,Paper manufacturing,95945
2002,Canada,Support activities for forestry,20345
2002,Canada,Wood product manufacturing,154740
2002,Alberta,Forestry and logging,2920
2002,Alberta,Paper manufacturing,3695
2002,Alberta,Support activities for forestry,1515
2002,Alberta,Wood product manufacturing,12050
2002,British Columbia,Forestry and logging,22730
2002,British Columbia,Paper manufacturing,11885
2002,British Columbia,Support activities for forestry,7535
2002,British Columbia,Wood product manufacturing,44610
2002,Manitoba,Forestry and logging,640
2002,Manitoba,Paper manufacturing,2335
2002,Manitoba,Support activities for forestry,755
2002,Manitoba,Wood product manufacturing,4165
2002,New Brunswick,Forestry and logging,4985
2002,New Brunswick,Paper manufacturing,4100
2002,New Brunswick,Support activities for forestry,1240
2002,New Brunswick,Wood product manufacturing,7010
2002,Newfoundland and Labrador,Forestry and logging,1210
2002,Newfoundland and Labrador,Paper manufacturing,1390
2002,Newfoundland and Labrador,Support activities for forestry,300
2002,Newfoundland and Labrador,Wood product manufacturing,655
2002,Northwest Territories,Forestry and logging,20
2002,Northwest Territories,Paper manufacturing,0
2002,Northwest Territories,Support activities for forestry,165
2002,Northwest Territories,Wood product manufacturing,10
2002,Nova Scotia,Forestry and logging,2305
2002,Nova Scotia,Paper manufacturing,2185
2002,Nova Scotia,Support activities for forestry,680
2002,Nova Scotia,Wood product manufacturing,3370
2002,Ontario,Forestry and logging,8590
2002,Ontario,Paper manufacturing,35315
2002,Ontario,Support activities for forestry,2205
2002,Ontario,Wood product manufacturing,35040
2002,Prince Edward Island,Forestry and logging,110
2002,Prince Edward Island,Paper manufacturing,75
2002,Prince Edward Island,Support activities for forestry,50
2002,Prince Edward Island,Wood product manufacturing,310
2002,Quebec,Forestry and logging,13755
2002,Quebec,Paper manufacturing,33605
2002,Quebec,Support activities for forestry,4520
2002,Quebec,Wood product manufacturing,45365
2002,Saskatchewan,Forestry and logging,1030
2002,Saskatchewan,Paper manufacturing,1360
2002,Saskatchewan,Support activities for forestry,1370
2002,Saskatchewan,Wood product manufacturing,2125
2002,Yukon,Forestry and logging,45
2002,Yukon,Paper manufacturing,0
2002,Yukon,Support activities for forestry,10
2002,Yukon,Wood product manufacturing,30
2002,Northwest Territories including Nunavut,Forestry and logging,0
2002,Northwest Territories including Nunavut,Paper manufacturing,0
2002,Northwest Territories including Nunavut,Support activities for forestry,0
2002,Northwest Territories including Nunavut,Wood product manufacturing,0
2002,Nunavut,Forestry and logging,0
2002,Nunavut,Paper manufacturing,0
2002,Nunavut,Support activities for forestry,0
2002,Nunavut,Wood product manufacturing,0
2003,Canada,Forestry and logging,55875
2003,Canada,Paper manufacturing,91640
2003,Canada,Support activities for forestry,21490
2003,Canada,Wood product manufacturing,151615
2003,Alberta,Forestry and logging,2550
2003,Alberta,Paper manufacturing,3800
2003,Alberta,Support activities for forestry,1555
2003,Alberta,Wood product manufacturing,12375
2003,British Columbia,Forestry and logging,22425
2003,British Columbia,Paper manufacturing,10500
2003,British Columbia,Support activities for forestry,7745
2003,British Columbia,Wood product manufacturing,42515
2003,Manitoba,Forestry and logging,615
2003,Manitoba,Paper manufacturing,2195
2003,Manitoba,Support activities for forestry,665
2003,Manitoba,Wood product manufacturing,4700
2003,New Brunswick,Forestry and logging,3940
2003,New Brunswick,Paper manufacturing,4135
2003,New Brunswick,Support activities for forestry,1345
2003,New Brunswick,Wood product manufacturing,6880
2003,Newfoundland and Labrador,Forestry and logging,970
2003,Newfoundland and Labrador,Paper manufacturing,1080
2003,Newfoundland and Labrador,Support activities for forestry,295
2003,Newfoundland and Labrador,Wood product manufacturing,580
2003,Northwest Territories,Forestry and logging,15
2003,Northwest Territories,Paper manufacturing,0
2003,Northwest Territories,Support activities for forestry,170
2003,Northwest Territories,Wood product manufacturing,5
2003,Nova Scotia,Forestry and logging,2230
2003,Nova Scotia,Paper manufacturing,1945
2003,Nova Scotia,Support activities for forestry,615
2003,Nova Scotia,Wood product manufacturing,3395
2003,Ontario,Forestry and logging,8130
2003,Ontario,Paper manufacturing,36390
2003,Ontario,Support activities for forestry,2665
2003,Ontario,Wood product manufacturing,36005
2003,Prince Edward Island,Forestry and logging,130
2003,Prince Edward Island,Paper manufacturing,60
2003,Prince Edward Island,Support activities for forestry,30
2003,Prince Edward Island,Wood product manufacturing,350
2003,Quebec,Forestry and logging,13860
2003,Quebec,Paper manufacturing,30040
2003,Quebec,Support activities for forestry,4975
2003,Quebec,Wood product manufacturing,42300
2003,Saskatchewan,Forestry and logging,975
2003,Saskatchewan,Paper manufacturing,1495
2003,Saskatchewan,Support activities for forestry,1420
2003,Saskatchewan,Wood product manufacturing,2480
2003,Yukon,Forestry and logging,35
2003,Yukon,Paper manufacturing,0
2003,Yukon,Support activities for forestry,10
2003,Yukon,Wood product manufacturing,30
2003,Northwest Territories including Nunavut,Forestry and logging,0
2003,Northwest Territories including Nunavut,Paper manufacturing,0
2003,Northwest Territories including Nunavut,Support activities for forestry,0
2003,Northwest Territories including Nunavut,Wood product manufacturing,0
2003,Nunavut,Forestry and logging,0
2003,Nunavut,Paper manufacturing,0
2003,Nunavut,Support activities for forestry,0
2003,Nunavut,Wood product manufacturing,0
2004,Canada,Forestry and logging,56100
2004,Canada,Paper manufacturing,90220
2004,Canada,Support activities for forestry,20295
2004,Canada,Wood product manufacturing,162735
2004,Alberta,Forestry and logging,2875
2004,Alberta,Paper manufacturing,3695
2004,Alberta,Support activities for forestry,1815
2004,Alberta,Wood product manufacturing,13635
2004,British Columbia,Forestry and logging,23185
2004,British Columbia,Paper manufacturing,12640
2004,British Columbia,Support activities for forestry,6885
2004,British Columbia,Wood product manufacturing,49430
2004,Manitoba,Forestry and logging,595
2004,Manitoba,Paper manufacturing,2025
2004,Manitoba,Support activities for forestry,645
2004,Manitoba,Wood product manufacturing,5045
2004,New Brunswick,Forestry and logging,3630
2004,New Brunswick,Paper manufacturing,4255
2004,New Brunswick,Support activities for forestry,1310
2004,New Brunswick,Wood product manufacturing,6805
2004,Newfoundland and Labrador,Forestry and logging,990
2004,Newfoundland and Labrador,Paper manufacturing,825
2004,Newfoundland and Labrador,Support activities for forestry,270
2004,Newfoundland and Labrador,Wood product manufacturing,595
2004,Northwest Territories,Forestry and logging,10
2004,Northwest Territories,Paper manufacturing,0
2004,Northwest Territories,Support activities for forestry,170
2004,Northwest Territories,Wood product manufacturing,15
2004,Nova Scotia,Forestry and logging,2285
2004,Nova Scotia,Paper manufacturing,2170
2004,Nova Scotia,Support activities for forestry,630
2004,Nova Scotia,Wood product manufacturing,3500
2004,Ontario,Forestry and logging,8010
2004,Ontario,Paper manufacturing,35020
2004,Ontario,Support activities for forestry,2230
2004,Ontario,Wood product manufacturing,36180
2004,Prince Edward Island,Forestry and logging,80
2004,Prince Edward Island,Paper manufacturing,105
2004,Prince Edward Island,Support activities for forestry,25
2004,Prince Edward Island,Wood product manufacturing,335
2004,Quebec,Forestry and logging,13570
2004,Quebec,Paper manufacturing,27860
2004,Quebec,Support activities for forestry,4965
2004,Quebec,Wood product manufacturing,43355
2004,Saskatchewan,Forestry and logging,840
2004,Saskatchewan,Paper manufacturing,1625
2004,Saskatchewan,Support activities for forestry,1340
2004,Saskatchewan,Wood product manufacturing,3825
2004,Yukon,Forestry and logging,30
2004,Yukon,Paper manufacturing,0
2004,Yukon,Support activities for forestry,10
2004,Yukon,Wood product manufacturing,15
2004,Northwest Territories including Nunavut,Forestry and logging,0
2004,Northwest Territories including Nunavut,Paper manufacturing,0
2004,Northwest Territories including Nunavut,Support activities for forestry,0
2004,Northwest Territories including Nunavut,Wood product manufacturing,0
2004,Nunavut,Forestry and logging,0
2004,Nunavut,Paper manufacturing,0
2004,Nunavut,Support activities for forestry,0
2004,Nunavut,Wood product manufacturing,0
2005,Canada,Forestry and logging,56670
2005,Canada,Paper manufacturing,90040
2005,Canada,Support activities for forestry,20240
2005,Canada,Wood product manufacturing,153985
2005,Alberta,Forestry and logging,2885
2005,Alberta,Paper manufacturing,3595
2005,Alberta,Support activities for forestry,1760
2005,Alberta,Wood product manufacturing,12330
2005,British Columbia,Forestry and logging,23385
2005,British Columbia,Paper manufacturing,13600
2005,British Columbia,Support activities for forestry,6820
2005,British Columbia,Wood product manufacturing,46420
2005,Manitoba,Forestry and logging,565
2005,Manitoba,Paper manufacturing,2020
2005,Manitoba,Support activities for forestry,635
2005,Manitoba,Wood product manufacturing,4860
2005,New Brunswick,Forestry and logging,3490
2005,New Brunswick,Paper manufacturing,2705
2005,New Brunswick,Support activities for forestry,1255
2005,New Brunswick,Wood product manufacturing,6725
2005,Newfoundland and Labrador,Forestry and logging,900
2005,Newfoundland and Labrador,Paper manufacturing,760
2005,Newfoundland and Labrador,Support activities for forestry,255
2005,Newfoundland and Labrador,Wood product manufacturing,545
2005,Northwest Territories,Forestry and logging,15
2005,Northwest Territories,Paper manufacturing,0
2005,Northwest Territories,Support activities for forestry,160
2005,Northwest Territories,Wood product manufacturing,10
2005,Nova Scotia,Forestry and logging,2195
2005,Nova Scotia,Paper manufacturing,2230
2005,Nova Scotia,Support activities for forestry,600
2005,Nova Scotia,Wood product manufacturing,3385
2005,Ontario,Forestry and logging,8565
2005,Ontario,Paper manufacturing,33565
2005,Ontario,Support activities for forestry,2605
2005,Ontario,Wood product manufacturing,34185
2005,Prince Edward Island,Forestry and logging,65
2005,Prince Edward Island,Paper manufacturing,125
2005,Prince Edward Island,Support activities for forestry,15
2005,Prince Edward Island,Wood product manufacturing,360
2005,Quebec,Forestry and logging,13900
2005,Quebec,Paper manufacturing,29960
2005,Quebec,Support activities for forestry,4955
2005,Quebec,Wood product manufacturing,41870
2005,Saskatchewan,Forestry and logging,680
2005,Saskatchewan,Paper manufacturing,1480
2005,Saskatchewan,Support activities for forestry,1170
2005,Saskatchewan,Wood product manufacturing,3270
2005,Yukon,Forestry and logging,25
2005,Yukon,Paper manufacturing,0
2005,Yukon,Support activities for forestry,10
2005,Yukon,Wood product manufacturing,25
2005,Northwest Territories including Nunavut,Forestry and logging,0
2005,Northwest Territories including Nunavut,Paper manufacturing,0
2005,Northwest Territories including Nunavut,Support activities for forestry,0
2005,Northwest Territories including Nunavut,Wood product manufacturing,0
2005,Nunavut,Forestry and logging,0
2005,Nunavut,Paper manufacturing,0
2005,Nunavut,Support activities for forestry,0
2005,Nunavut,Wood product manufacturing,0
2006,Canada,Forestry and logging,49955
2006,Canada,Paper manufacturing,83210
2006,Canada,Support activities for forestry,21390
2006,Canada,Wood product manufacturing,136805
2006,Alberta,Forestry and logging,3030
2006,Alberta,Paper manufacturing,3850
2006,Alberta,Support activities for forestry,1885
2006,Alberta,Wood product manufacturing,12505
2006,British Columbia,Forestry and logging,18770
2006,British Columbia,Paper manufacturing,13350
2006,British Columbia,Support activities for forestry,7720
2006,British Columbia,Wood product manufacturing,40200
2006,Manitoba,Forestry and logging,555
2006,Manitoba,Paper manufacturing,1740
2006,Manitoba,Support activities for forestry,610
2006,Manitoba,Wood product manufacturing,4435
2006,New Brunswick,Forestry and logging,3210
2006,New Brunswick,Paper manufacturing,2795
2006,New Brunswick,Support activities for forestry,1250
2006,New Brunswick,Wood product manufacturing,6065
2006,Newfoundland and Labrador,Forestry and logging,845
2006,Newfoundland and Labrador,Paper manufacturing,1155
2006,Newfoundland and Labrador,Support activities for forestry,250
2006,Newfoundland and Labrador,Wood product manufacturing,460
2006,Northwest Territories,Forestry and logging,15
2006,Northwest Territories,Paper manufacturing,0
2006,Northwest Territories,Support activities for forestry,170
2006,Northwest Territories,Wood product manufacturing,0
2006,Nova Scotia,Forestry and logging,1910
2006,Nova Scotia,Paper manufacturing,1895
2006,Nova Scotia,Support activities for forestry,520
2006,Nova Scotia,Wood product manufacturing,3605
2006,Ontario,Forestry and logging,7725
2006,Ontario,Paper manufacturing,30145
2006,Ontario,Support activities for forestry,2635
2006,Ontario,Wood product manufacturing,30525
2006,Prince Edward Island,Forestry and logging,65
2006,Prince Edward Island,Paper manufacturing,120
2006,Prince Edward Island,Support activities for forestry,10
2006,Prince Edward Island,Wood product manufacturing,385
2006,Quebec,Forestry and logging,13205
2006,Quebec,Paper manufacturing,27800
2006,Quebec,Support activities for forestry,5105
2006,Quebec,Wood product manufacturing,36670
2006,Saskatchewan,Forestry and logging,605
2006,Saskatchewan,Paper manufacturing,360
2006,Saskatchewan,Support activities for forestry,1225
2006,Saskatchewan,Wood product manufacturing,1925
2006,Yukon,Forestry and logging,20
2006,Yukon,Paper manufacturing,0
2006,Yukon,Support activities for forestry,10
2006,Yukon,Wood product manufacturing,30
2006,Northwest Territories including Nunavut,Forestry and logging,0
2006,Northwest Territories including Nunavut,Paper manufacturing,0
2006,Northwest Territories including Nunavut,Support activities for forestry,0
2006,Northwest Territories including Nunavut,Wood product manufacturing,0
2006,Nunavut,Forestry and logging,0
2006,Nunavut,Paper manufacturing,0
2006,Nunavut,Support activities for forestry,0
2006,Nunavut,Wood product manufacturing,0
2007,Canada,Forestry and logging,44940
2007,Canada,Paper manufacturing,77780
2007,Canada,Support activities for forestry,21145
2007,Canada,Wood product manufacturing,114635
2007,Alberta,Forestry and logging,2700
2007,Alberta,Paper manufacturing,3660
2007,Alberta,Support activities for forestry,1800
2007,Alberta,Wood product manufacturing,11255
2007,British Columbia,Forestry and logging,16665
2007,British Columbia,Paper manufacturing,12230
2007,British Columbia,Support activities for forestry,7725
2007,British Columbia,Wood product manufacturing,35125
2007,Manitoba,Forestry and logging,540
2007,Manitoba,Paper manufacturing,1710
2007,Manitoba,Support activities for forestry,620
2007,Manitoba,Wood product manufacturing,4030
2007,New Brunswick,Forestry and logging,3045
2007,New Brunswick,Paper manufacturing,4035
2007,New Brunswick,Support activities for forestry,1245
2007,New Brunswick,Wood product manufacturing,4780
2007,Newfoundland and Labrador,Forestry and logging,800
2007,Newfoundland and Labrador,Paper manufacturing,1095
2007,Newfoundland and Labrador,Support activities for forestry,245
2007,Newfoundland and Labrador,Wood product manufacturing,485
2007,Northwest Territories,Forestry and logging,15
2007,Northwest Territories,Paper manufacturing,0
2007,Northwest Territories,Support activities for forestry,170
2007,Northwest Territories,Wood product manufacturing,0
2007,Nova Scotia,Forestry and logging,1875
2007,Nova Scotia,Paper manufacturing,2540
2007,Nova Scotia,Support activities for forestry,525
2007,Nova Scotia,Wood product manufacturing,3070
2007,Ontario,Forestry and logging,7115
2007,Ontario,Paper manufacturing,27200
2007,Ontario,Support activities for forestry,2670
2007,Ontario,Wood product manufacturing,23855
2007,Prince Edward Island,Forestry and logging,55
2007,Prince Edward Island,Paper manufacturing,110
2007,Prince Edward Island,Support activities for forestry,25
2007,Prince Edward Island,Wood product manufacturing,255
2007,Quebec,Forestry and logging,11620
2007,Quebec,Paper manufacturing,24755
2007,Quebec,Support activities for forestry,4955
2007,Quebec,Wood product manufacturing,30520
2007,Saskatchewan,Forestry and logging,490
2007,Saskatchewan,Paper manufacturing,445
2007,Saskatchewan,Support activities for forestry,1155
2007,Saskatchewan,Wood product manufacturing,1245
2007,Yukon,Forestry and logging,20
2007,Yukon,Paper manufacturing,0
2007,Yukon,Support activities for forestry,10
2007,Yukon,Wood product manufacturing,15
2007,Northwest Territories including Nunavut,Forestry and logging,0
2007,Northwest Territories including Nunavut,Paper manufacturing,0
2007,Northwest Territories including Nunavut,Support activities for forestry,0
2007,Northwest Territories including Nunavut,Wood product manufacturing,0
2007,Nunavut,Forestry and logging,0
2007,Nunavut,Paper manufacturing,0
2007,Nunavut,Support activities for forestry,0
2007,Nunavut,Wood product manufacturing,0
2008,Canada,Forestry and logging,41920
2008,Canada,Paper manufacturing,70560
2008,Canada,Support activities for forestry,20610
2008,Canada,Wood product manufacturing,102075
2008,Alberta,Forestry and logging,2540
2008,Alberta,Paper manufacturing,3295
2008,Alberta,Support activities for forestry,1815
2008,Alberta,Wood product manufacturing,9600
2008,British Columbia,Forestry and logging,13990
2008,British Columbia,Paper manufacturing,10575
2008,British Columbia,Support activities for forestry,7460
2008,British Columbia,Wood product manufacturing,29505
2008,Manitoba,Forestry and logging,445
2008,Manitoba,Paper manufacturing,1600
2008,Manitoba,Support activities for forestry,550
2008,Manitoba,Wood product manufacturing,4110
2008,New Brunswick,Forestry and logging,2850
2008,New Brunswick,Paper manufacturing,3225
2008,New Brunswick,Support activities for forestry,1055
2008,New Brunswick,Wood product manufacturing,4595
2008,Newfoundland and Labrador,Forestry and logging,680
2008,Newfoundland and Labrador,Paper manufacturing,1070
2008,Newfoundland and Labrador,Support activities for forestry,205
2008,Newfoundland and Labrador,Wood product manufacturing,420
2008,Northwest Territories,Forestry and logging,15
2008,Northwest Territories,Paper manufacturing,0
2008,Northwest Territories,Support activities for forestry,175
2008,Northwest Territories,Wood product manufacturing,0
2008,Nova Scotia,Forestry and logging,1765
2008,Nova Scotia,Paper manufacturing,2385
2008,Nova Scotia,Support activities for forestry,605
2008,Nova Scotia,Wood product manufacturing,3450
2008,Ontario,Forestry and logging,6235
2008,Ontario,Paper manufacturing,25165
2008,Ontario,Support activities for forestry,2665
2008,Ontario,Wood product manufacturing,20595
2008,Prince Edward Island,Forestry and logging,45
2008,Prince Edward Island,Paper manufacturing,105
2008,Prince Edward Island,Support activities for forestry,20
2008,Prince Edward Island,Wood product manufacturing,230
2008,Quebec,Forestry and logging,12930
2008,Quebec,Paper manufacturing,22905
2008,Quebec,Support activities for forestry,4825
2008,Quebec,Wood product manufacturing,28445
2008,Saskatchewan,Forestry and logging,405
2008,Saskatchewan,Paper manufacturing,235
2008,Saskatchewan,Support activities for forestry,1225
2008,Saskatchewan,Wood product manufacturing,1110
2008,Yukon,Forestry and logging,20
2008,Yukon,Paper manufacturing,0
2008,Yukon,Support activities for forestry,10
2008,Yukon,Wood product manufacturing,15
2008,Northwest Territories including Nunavut,Forestry and logging,0
2008,Northwest Territories including Nunavut,Paper manufacturing,0
2008,Northwest Territories including Nunavut,Support activities for forestry,0
2008,Northwest Territories including Nunavut,Wood product manufacturing,0
2008,Nunavut,Forestry and logging,0
2008,Nunavut,Paper manufacturing,0
2008,Nunavut,Support activities for forestry,0
2008,Nunavut,Wood product manufacturing,0
2009,Canada,Forestry and logging,34855
2009,Canada,Paper manufacturing,64550
2009,Canada,Support activities for forestry,21730
2009,Canada,Wood product manufacturing,87610
2009,Alberta,Forestry and logging,2315
2009,Alberta,Paper manufacturing,2865
2009,Alberta,Support activities for forestry,1735
2009,Alberta,Wood product manufacturing,9030
2009,British Columbia,Forestry and logging,10130
2009,British Columbia,Paper manufacturing,9145
2009,British Columbia,Support activities for forestry,7205
2009,British Columbia,Wood product manufacturing,23905
2009,Manitoba,Forestry and logging,345
2009,Manitoba,Paper manufacturing,1405
2009,Manitoba,Support activities for forestry,560
2009,Manitoba,Wood product manufacturing,3290
2009,New Brunswick,Forestry and logging,3040
2009,New Brunswick,Paper manufacturing,2720
2009,New Brunswick,Support activities for forestry,945
2009,New Brunswick,Wood product manufacturing,4185
2009,Newfoundland and Labrador,Forestry and logging,525
2009,Newfoundland and Labrador,Paper manufacturing,675
2009,Newfoundland and Labrador,Support activities for forestry,185
2009,Newfoundland and Labrador,Wood product manufacturing,395
2009,Northwest Territories,Forestry and logging,10
2009,Northwest Territories,Paper manufacturing,0
2009,Northwest Territories,Support activities for forestry,170
2009,Northwest Territories,Wood product manufacturing,0
2009,Nova Scotia,Forestry and logging,1425
2009,Nova Scotia,Paper manufacturing,1830
2009,Nova Scotia,Support activities for forestry,680
2009,Nova Scotia,Wood product manufacturing,3250
2009,Ontario,Forestry and logging,4640
2009,Ontario,Paper manufacturing,23395
2009,Ontario,Support activities for forestry,2985
2009,Ontario,Wood product manufacturing,17345
2009,Prince Edward Island,Forestry and logging,40
2009,Prince Edward Island,Paper manufacturing,120
2009,Prince Edward Island,Support activities for forestry,20
2009,Prince Edward Island,Wood product manufacturing,160
2009,Quebec,Forestry and logging,12030
2009,Quebec,Paper manufacturing,22030
2009,Quebec,Support activities for forestry,6030
2009,Quebec,Wood product manufacturing,24750
2009,Saskatchewan,Forestry and logging,335
2009,Saskatchewan,Paper manufacturing,365
2009,Saskatchewan,Support activities for forestry,1205
2009,Saskatchewan,Wood product manufacturing,1275
2009,Yukon,Forestry and logging,20
2009,Yukon,Paper manufacturing,0
2009,Yukon,Support activities for forestry,10
2009,Yukon,Wood product manufacturing,25
2009,Northwest Territories including Nunavut,Forestry and logging,0
2009,Northwest Territories including Nunavut,Paper manufacturing,0
2009,Northwest Territories including Nunavut,Support activities for forestry,0
2009,Northwest Territories including Nunavut,Wood product manufacturing,0
2009,Nunavut,Forestry and logging,0
2009,Nunavut,Paper manufacturing,0
2009,Nunavut,Support activities for forestry,0
2009,Nunavut,Wood product manufacturing,0
2010,Canada,Forestry and logging,34920
2010,Canada,Paper manufacturing,64585
2010,Canada,Support activities for forestry,21110
2010,Canada,Wood product manufacturing,91170
2010,Alberta,Forestry and logging,2205
2010,Alberta,Paper manufacturing,2985
2010,Alberta,Support activities for forestry,1580
2010,Alberta,Wood product manufacturing,9340
2010,British Columbia,Forestry and logging,11615
2010,British Columbia,Paper manufacturing,8830
2010,British Columbia,Support activities for forestry,6720
2010,British Columbia,Wood product manufacturing,24420
2010,Manitoba,Forestry and logging,330
2010,Manitoba,Paper manufacturing,1525
2010,Manitoba,Support activities for forestry,565
2010,Manitoba,Wood product manufacturing,2345
2010,New Brunswick,Forestry and logging,3125
2010,New Brunswick,Paper manufacturing,3065
2010,New Brunswick,Support activities for forestry,1020
2010,New Brunswick,Wood product manufacturing,4295
2010,Newfoundland and Labrador,Forestry and logging,445
2010,Newfoundland and Labrador,Paper manufacturing,495
2010,Newfoundland and Labrador,Support activities for forestry,165
2010,Newfoundland and Labrador,Wood product manufacturing,430
2010,Northwest Territories,Forestry and logging,10
2010,Northwest Territories,Paper manufacturing,0
2010,Northwest Territories,Support activities for forestry,170
2010,Northwest Territories,Wood product manufacturing,0
2010,Nova Scotia,Forestry and logging,1415
2010,Nova Scotia,Paper manufacturing,2135
2010,Nova Scotia,Support activities for forestry,655
2010,Nova Scotia,Wood product manufacturing,2905
2010,Ontario,Forestry and logging,4660
2010,Ontario,Paper manufacturing,22510
2010,Ontario,Support activities for forestry,3100
2010,Ontario,Wood product manufacturing,17845
2010,Prince Edward Island,Forestry and logging,40
2010,Prince Edward Island,Paper manufacturing,115
2010,Prince Edward Island,Support activities for forestry,25
2010,Prince Edward Island,Wood product manufacturing,95
2010,Quebec,Forestry and logging,10675
2010,Quebec,Paper manufacturing,22605
2010,Quebec,Support activities for forestry,6015
2010,Quebec,Wood product manufacturing,28130
2010,Saskatchewan,Forestry and logging,375
2010,Saskatchewan,Paper manufacturing,320
2010,Saskatchewan,Support activities for forestry,1085
2010,Saskatchewan,Wood product manufacturing,1335
2010,Yukon,Forestry and logging,25
2010,Yukon,Paper manufacturing,0
2010,Yukon,Support activities for forestry,10
2010,Yukon,Wood product manufacturing,30
2010,Northwest Territories including Nunavut,Forestry and logging,0
2010,Northwest Territories including Nunavut,Paper manufacturing,0
2010,Northwest Territories including Nunavut,Support activities for forestry,0
2010,Northwest Territories including Nunavut,Wood product manufacturing,0
2010,Nunavut,Forestry and logging,0
2010,Nunavut,Paper manufacturing,0
2010,Nunavut,Support activities for forestry,0
2010,Nunavut,Wood product manufacturing,0
2011,Canada,Forestry and logging,35630
2011,Canada,Paper manufacturing,61210
2011,Canada,Support activities for forestry,21790
2011,Canada,Wood product manufacturing,87165
2011,Alberta,Forestry and logging,2590
2011,Alberta,Paper manufacturing,2955
2011,Alberta,Support activities for forestry,1515
2011,Alberta,Wood product manufacturing,9930
2011,British Columbia,Forestry and logging,12010
2011,British Columbia,Paper manufacturing,8335
2011,British Columbia,Support activities for forestry,7305
2011,British Columbia,Wood product manufacturing,24180
2011,Manitoba,Forestry and logging,340
2011,Manitoba,Paper manufacturing,1410
2011,Manitoba,Support activities for forestry,495
2011,Manitoba,Wood product manufacturing,2405
2011,New Brunswick,Forestry and logging,2855
2011,New Brunswick,Paper manufacturing,2760
2011,New Brunswick,Support activities for forestry,895
2011,New Brunswick,Wood product manufacturing,4270
2011,Newfoundland and Labrador,Forestry and logging,485
2011,Newfoundland and Labrador,Paper manufacturing,480
2011,Newfoundland and Labrador,Support activities for forestry,190
2011,Newfoundland and Labrador,Wood product manufacturing,410
2011,Northwest Territories,Forestry and logging,10
2011,Northwest Territories,Paper manufacturing,0
2011,Northwest Territories,Support activities for forestry,175
2011,Northwest Territories,Wood product manufacturing,10
2011,Nova Scotia,Forestry and logging,1205
2011,Nova Scotia,Paper manufacturing,1880
2011,Nova Scotia,Support activities for forestry,585
2011,Nova Scotia,Wood product manufacturing,2030
2011,Ontario,Forestry and logging,5030
2011,Ontario,Paper manufacturing,21750
2011,Ontario,Support activities for forestry,3715
2011,Ontario,Wood product manufacturing,16225
2011,Prince Edward Island,Forestry and logging,50
2011,Prince Edward Island,Paper manufacturing,155
2011,Prince Edward Island,Support activities for forestry,25
2011,Prince Edward Island,Wood product manufacturing,100
2011,Quebec,Forestry and logging,10730
2011,Quebec,Paper manufacturing,21220
2011,Quebec,Support activities for forestry,5885
2011,Quebec,Wood product manufacturing,26190
2011,Saskatchewan,Forestry and logging,300
2011,Saskatchewan,Paper manufacturing,265
2011,Saskatchewan,Support activities for forestry,995
2011,Saskatchewan,Wood product manufacturing,1380
2011,Yukon,Forestry and logging,25
2011,Yukon,Paper manufacturing,0
2011,Yukon,Support activities for forestry,10
2011,Yukon,Wood product manufacturing,35
2011,Northwest Territories including Nunavut,Forestry and logging,0
2011,Northwest Territories including Nunavut,Paper manufacturing,0
2011,Northwest Territories including Nunavut,Support activities for forestry,0
2011,Northwest Territories including Nunavut,Wood product manufacturing,0
2011,Nunavut,Forestry and logging,0
2011,Nunavut,Paper manufacturing,0
2011,Nunavut,Support activities for forestry,0
2011,Nunavut,Wood product manufacturing,0
2012,Canada,Forestry and logging,32725
2012,Canada,Paper manufacturing,59140
2012,Canada,Support activities for forestry,20690
2012,Canada,Wood product manufacturing,89830
2012,Alberta,Forestry and logging,2820
2012,Alberta,Paper manufacturing,2985
2012,Alberta,Support activities for forestry,1460
2012,Alberta,Wood product manufacturing,10025
2012,British Columbia,Forestry and logging,12235
2012,British Columbia,Paper manufacturing,7890
2012,British Columbia,Support activities for forestry,7510
2012,British Columbia,Wood product manufacturing,26660
2012,Manitoba,Forestry and logging,330
2012,Manitoba,Paper manufacturing,1385
2012,Manitoba,Support activities for forestry,475
2012,Manitoba,Wood product manufacturing,2495
2012,New Brunswick,Forestry and logging,2495
2012,New Brunswick,Paper manufacturing,2855
2012,New Brunswick,Support activities for forestry,895
2012,New Brunswick,Wood product manufacturing,4165
2012,Newfoundland and Labrador,Forestry and logging,380
2012,Newfoundland and Labrador,Paper manufacturing,395
2012,Newfoundland and Labrador,Support activities for forestry,180
2012,Newfoundland and Labrador,Wood product manufacturing,420
2012,Northwest Territories,Forestry and logging,10
2012,Northwest Territories,Paper manufacturing,0
2012,Northwest Territories,Support activities for forestry,165
2012,Northwest Territories,Wood product manufacturing,10
2012,Nova Scotia,Forestry and logging,980
2012,Nova Scotia,Paper manufacturing,1085
2012,Nova Scotia,Support activities for forestry,450
2012,Nova Scotia,Wood product manufacturing,1900
2012,Ontario,Forestry and logging,4375
2012,Ontario,Paper manufacturing,21750
2012,Ontario,Support activities for forestry,3385
2012,Ontario,Wood product manufacturing,16400
2012,Prince Edward Island,Forestry and logging,45
2012,Prince Edward Island,Paper manufacturing,195
2012,Prince Edward Island,Support activities for forestry,30
2012,Prince Edward Island,Wood product manufacturing,105
2012,Quebec,Forestry and logging,8700
2012,Quebec,Paper manufacturing,20335
2012,Quebec,Support activities for forestry,5215
2012,Quebec,Wood product manufacturing,26115
2012,Saskatchewan,Forestry and logging,330
2012,Saskatchewan,Paper manufacturing,265
2012,Saskatchewan,Support activities for forestry,910
2012,Saskatchewan,Wood product manufacturing,1490
2012,Yukon,Forestry and logging,25
2012,Yukon,Paper manufacturing,0
2012,Yukon,Support activities for forestry,15
2012,Yukon,Wood product manufacturing,45
2012,Northwest Territories including Nunavut,Forestry and logging,0
2012,Northwest Territories including Nunavut,Paper manufacturing,0
2012,Northwest Territories including Nunavut,Support activities for forestry,0
2012,Northwest Territories including Nunavut,Wood product manufacturing,0
2012,Nunavut,Forestry and logging,0
2012,Nunavut,Paper manufacturing,0
2012,Nunavut,Support activities for forestry,0
2012,Nunavut,Wood product manufacturing,0
2013,Canada,Forestry and logging,33220
2013,Canada,Paper manufacturing,59175
2013,Canada,Support activities for forestry,20910
2013,Canada,Wood product manufacturing,92955
2013,Alberta,Forestry and logging,2630
2013,Alberta,Paper manufacturing,3230
2013,Alberta,Support activities for forestry,1450
2013,Alberta,Wood product manufacturing,10115
2013,British Columbia,Forestry and logging,12395
2013,British Columbia,Paper manufacturing,8275
2013,British Columbia,Support activities for forestry,7500
2013,British Columbia,Wood product manufacturing,27315
2013,Manitoba,Forestry and logging,325
2013,Manitoba,Paper manufacturing,1120
2013,Manitoba,Support activities for forestry,485
2013,Manitoba,Wood product manufacturing,2575
2013,New Brunswick,Forestry and logging,2680
2013,New Brunswick,Paper manufacturing,3075
2013,New Brunswick,Support activities for forestry,1010
2013,New Brunswick,Wood product manufacturing,4195
2013,Newfoundland and Labrador,Forestry and logging,360
2013,Newfoundland and Labrador,Paper manufacturing,255
2013,Newfoundland and Labrador,Support activities for forestry,155
2013,Newfoundland and Labrador,Wood product manufacturing,375
2013,Northwest Territories,Forestry and logging,10
2013,Northwest Territories,Paper manufacturing,0
2013,Northwest Territories,Support activities for forestry,140
2013,Northwest Territories,Wood product manufacturing,5
2013,Nova Scotia,Forestry and logging,1005
2013,Nova Scotia,Paper manufacturing,930
2013,Nova Scotia,Support activities for forestry,480
2013,Nova Scotia,Wood product manufacturing,1915
2013,Ontario,Forestry and logging,4350
2013,Ontario,Paper manufacturing,21705
2013,Ontario,Support activities for forestry,3345
2013,Ontario,Wood product manufacturing,17185
2013,Prince Edward Island,Forestry and logging,50
2013,Prince Edward Island,Paper manufacturing,205
2013,Prince Edward Island,Support activities for forestry,35
2013,Prince Edward Island,Wood product manufacturing,115
2013,Quebec,Forestry and logging,9050
2013,Quebec,Paper manufacturing,20150
2013,Quebec,Support activities for forestry,5420
2013,Quebec,Wood product manufacturing,27375
2013,Saskatchewan,Forestry and logging,335
2013,Saskatchewan,Paper manufacturing,230
2013,Saskatchewan,Support activities for forestry,880
2013,Saskatchewan,Wood product manufacturing,1760
2013,Yukon,Forestry and logging,30
2013,Yukon,Paper manufacturing,0
2013,Yukon,Support activities for forestry,10
2013,Yukon,Wood product manufacturing,25
2013,Northwest Territories including Nunavut,Forestry and logging,0
2013,Northwest Territories including Nunavut,Paper manufacturing,0
2013,Northwest Territories including Nunavut,Support activities for forestry,0
2013,Northwest Territories including Nunavut,Wood product manufacturing,0
2013,Nunavut,Forestry and logging,0
2013,Nunavut,Paper manufacturing,0
2013,Nunavut,Support activities for forestry,0
2013,Nunavut,Wood product manufacturing,0
2014,Canada,Forestry and logging,32015
2014,Canada,Paper manufacturing,58380
2014,Canada,Support activities for forestry,21190
2014,Canada,Wood product manufacturing,92815
2014,Alberta,Forestry and logging,2445
2014,Alberta,Paper manufacturing,3435
2014,Alberta,Support activities for forestry,1565
2014,Alberta,Wood product manufacturing,9775
2014,British Columbia,Forestry and logging,13025
2014,British Columbia,Paper manufacturing,7385
2014,British Columbia,Support activities for forestry,7495
2014,British Columbia,Wood product manufacturing,27715
2014,Manitoba,Forestry and logging,310
2014,Manitoba,Paper manufacturing,1220
2014,Manitoba,Support activities for forestry,520
2014,Manitoba,Wood product manufacturing,2430
2014,New Brunswick,Forestry and logging,2735
2014,New Brunswick,Paper manufacturing,3315
2014,New Brunswick,Support activities for forestry,965
2014,New Brunswick,Wood product manufacturing,5055
2014,Newfoundland and Labrador,Forestry and logging,430
2014,Newfoundland and Labrador,Paper manufacturing,320
2014,Newfoundland and Labrador,Support activities for forestry,140
2014,Newfoundland and Labrador,Wood product manufacturing,345
2014,Northwest Territories,Forestry and logging,5
2014,Northwest Territories,Paper manufacturing,0
2014,Northwest Territories,Support activities for forestry,145
2014,Northwest Territories,Wood product manufacturing,15
2014,Nova Scotia,Forestry and logging,1015
2014,Nova Scotia,Paper manufacturing,1105
2014,Nova Scotia,Support activities for forestry,455
2014,Nova Scotia,Wood product manufacturing,1950
2014,Ontario,Forestry and logging,3840
2014,Ontario,Paper manufacturing,19935
2014,Ontario,Support activities for forestry,3425
2014,Ontario,Wood product manufacturing,17005
2014,Prince Edward Island,Forestry and logging,50
2014,Prince Edward Island,Paper manufacturing,265
2014,Prince Edward Island,Support activities for forestry,40
2014,Prince Edward Island,Wood product manufacturing,135
2014,Quebec,Forestry and logging,7730
2014,Quebec,Paper manufacturing,21165
2014,Quebec,Support activities for forestry,5510
2014,Quebec,Wood product manufacturing,26715
2014,Saskatchewan,Forestry and logging,405
2014,Saskatchewan,Paper manufacturing,235
2014,Saskatchewan,Support activities for forestry,920
2014,Saskatchewan,Wood product manufacturing,1640
2014,Yukon,Forestry and logging,25
2014,Yukon,Paper manufacturing,0
2014,Yukon,Support activities for forestry,10
2014,Yukon,Wood product manufacturing,35
2014,Northwest Territories including Nunavut,Forestry and logging,0
2014,Northwest Territories including Nunavut,Paper manufacturing,0
2014,Northwest Territories including Nunavut,Support activities for forestry,0
2014,Northwest Territories including Nunavut,Wood product manufacturing,0
2014,Nunavut,Forestry and logging,0
2014,Nunavut,Paper manufacturing,0
2014,Nunavut,Support activities for forestry,0
2014,Nunavut,Wood product manufacturing,0
2015,Canada,Forestry and logging,32445
2015,Canada,Paper manufacturing,58020
2015,Canada,Support activities for forestry,21185
2015,Canada,Wood product manufacturing,94540
2015,Alberta,Forestry and logging,2690
2015,Alberta,Paper manufacturing,3330
2015,Alberta,Support activities for forestry,1620
2015,Alberta,Wood product manufacturing,9515
2015,British Columbia,Forestry and logging,12460
2015,British Columbia,Paper manufacturing,7080
2015,British Columbia,Support activities for forestry,7715
2015,British Columbia,Wood product manufacturing,27785
2015,Manitoba,Forestry and logging,285
2015,Manitoba,Paper manufacturing,1235
2015,Manitoba,Support activities for forestry,505
2015,Manitoba,Wood product manufacturing,2285
2015,New Brunswick,Forestry and logging,2765
2015,New Brunswick,Paper manufacturing,3160
2015,New Brunswick,Support activities for forestry,970
2015,New Brunswick,Wood product manufacturing,5255
2015,Newfoundland and Labrador,Forestry and logging,475
2015,Newfoundland and Labrador,Paper manufacturing,350
2015,Newfoundland and Labrador,Support activities for forestry,135
2015,Newfoundland and Labrador,Wood product manufacturing,355
2015,Northwest Territories,Forestry and logging,5
2015,Northwest Territories,Paper manufacturing,0
2015,Northwest Territories,Support activities for forestry,145
2015,Northwest Territories,Wood product manufacturing,5
2015,Nova Scotia,Forestry and logging,970
2015,Nova Scotia,Paper manufacturing,1270
2015,Nova Scotia,Support activities for forestry,490
2015,Nova Scotia,Wood product manufacturing,1820
2015,Ontario,Forestry and logging,4085
2015,Ontario,Paper manufacturing,19425
2015,Ontario,Support activities for forestry,3265
2015,Ontario,Wood product manufacturing,17195
2015,Prince Edward Island,Forestry and logging,55
2015,Prince Edward Island,Paper manufacturing,300
2015,Prince Edward Island,Support activities for forestry,40
2015,Prince Edward Island,Wood product manufacturing,115
2015,Quebec,Forestry and logging,8200
2015,Quebec,Paper manufacturing,21600
2015,Quebec,Support activities for forestry,5385
2015,Quebec,Wood product manufacturing,28385
2015,Saskatchewan,Forestry and logging,425
2015,Saskatchewan,Paper manufacturing,270
2015,Saskatchewan,Support activities for forestry,900
2015,Saskatchewan,Wood product manufacturing,1795
2015,Yukon,Forestry and logging,30
2015,Yukon,Paper manufacturing,0
2015,Yukon,Support activities for forestry,15
2015,Yukon,Wood product manufacturing,30
2015,Northwest Territories including Nunavut,Forestry and logging,0
2015,Northwest Territories including Nunavut,Paper manufacturing,0
2015,Northwest Territories including Nunavut,Support activities for forestry,0
2015,Northwest Territories including Nunavut,Wood product manufacturing,0
2015,Nunavut,Forestry and logging,0
2015,Nunavut,Paper manufacturing,0
2015,Nunavut,Support activities for forestry,0
2015,Nunavut,Wood product manufacturing,0
2016,Canada,Forestry and logging,33690
2016,Canada,Paper manufacturing,54480
2016,Canada,Support activities for forestry,21915
2016,Canada,Wood product manufacturing,100200
2016,Alberta,Forestry and logging,2950
2016,Alberta,Paper manufacturing,3195
2016,Alberta,Support activities for forestry,1720
2016,Alberta,Wood product manufacturing,10030
2016,British Columbia,Forestry and logging,13210
2016,British Columbia,Paper manufacturing,7075
2016,British Columbia,Support activities for forestry,8415
2016,British Columbia,Wood product manufacturing,31240
2016,Manitoba,Forestry and logging,240
2016,Manitoba,Paper manufacturing,1255
2016,Manitoba,Support activities for forestry,540
2016,Manitoba,Wood product manufacturing,2460
2016,New Brunswick,Forestry and logging,2870
2016,New Brunswick,Paper manufacturing,3040
2016,New Brunswick,Support activities for forestry,925
2016,New Brunswick,Wood product manufacturing,5530
2016,Newfoundland and Labrador,Forestry and logging,450
2016,Newfoundland and Labrador,Paper manufacturing,350
2016,Newfoundland and Labrador,Support activities for forestry,130
2016,Newfoundland and Labrador,Wood product manufacturing,420
2016,Northwest Territories,Forestry and logging,5
2016,Northwest Territories,Paper manufacturing,0
2016,Northwest Territories,Support activities for forestry,145
2016,Northwest Territories,Wood product manufacturing,5
2016,Nova Scotia,Forestry and logging,915
2016,Nova Scotia,Paper manufacturing,1230
2016,Nova Scotia,Support activities for forestry,540
2016,Nova Scotia,Wood product manufacturing,1900
2016,Ontario,Forestry and logging,4340
2016,Ontario,Paper manufacturing,18620
2016,Ontario,Support activities for forestry,3205
2016,Ontario,Wood product manufacturing,17235
2016,Prince Edward Island,Forestry and logging,85
2016,Prince Edward Island,Paper manufacturing,280
2016,Prince Edward Island,Support activities for forestry,45
2016,Prince Edward Island,Wood product manufacturing,140
2016,Quebec,Forestry and logging,8155
2016,Quebec,Paper manufacturing,19155
2016,Quebec,Support activities for forestry,5330
2016,Quebec,Wood product manufacturing,29435
2016,Saskatchewan,Forestry and logging,435
2016,Saskatchewan,Paper manufacturing,280
2016,Saskatchewan,Support activities for forestry,905
2016,Saskatchewan,Wood product manufacturing,1800
2016,Yukon,Forestry and logging,35
2016,Yukon,Paper manufacturing,0
2016,Yukon,Support activities for forestry,15
2016,Yukon,Wood product manufacturing,5
2016,Northwest Territories including Nunavut,Forestry and logging,0
2016,Northwest Territories including Nunavut,Paper manufacturing,0
2016,Northwest Territories including Nunavut,Support activities for forestry,0
2016,Northwest Territories including Nunavut,Wood product manufacturing,0
2016,Nunavut,Forestry and logging,0
2016,Nunavut,Paper manufacturing,0
2016,Nunavut,Support activities for forestry,0
2016,Nunavut,Wood product manufacturing,0
2017,Canada,Forestry and logging,32995
2017,Canada,Paper manufacturing,56820
2017,Canada,Support activities for forestry,22150
2017,Canada,Wood product manufacturing,103855
2017,Alberta,Forestry and logging,3030
2017,Alberta,Paper manufacturing,2775
2017,Alberta,Support activities for forestry,1720
2017,Alberta,Wood product manufacturing,9225
2017,British Columbia,Forestry and logging,12945
2017,British Columbia,Paper manufacturing,7430
2017,British Columbia,Support activities for forestry,8365
2017,British Columbia,Wood product manufacturing,33155
2017,Manitoba,Forestry and logging,265
2017,Manitoba,Paper manufacturing,1285
2017,Manitoba,Support activities for forestry,485
2017,Manitoba,Wood product manufacturing,2415
2017,New Brunswick,Forestry and logging,2775
2017,New Brunswick,Paper manufacturing,3220
2017,New Brunswick,Support activities for forestry,960
2017,New Brunswick,Wood product manufacturing,5685
2017,Newfoundland and Labrador,Forestry and logging,315
2017,Newfoundland and Labrador,Paper manufacturing,365
2017,Newfoundland and Labrador,Support activities for forestry,135
2017,Newfoundland and Labrador,Wood product manufacturing,390
2017,Northwest Territories,Forestry and logging,5
2017,Northwest Territories,Paper manufacturing,0
2017,Northwest Territories,Support activities for forestry,165
2017,Northwest Territories,Wood product manufacturing,5
2017,Nova Scotia,Forestry and logging,800
2017,Nova Scotia,Paper manufacturing,1250
2017,Nova Scotia,Support activities for forestry,535
2017,Nova Scotia,Wood product manufacturing,1870
2017,Ontario,Forestry and logging,4270
2017,Ontario,Paper manufacturing,19605
2017,Ontario,Support activities for forestry,3050
2017,Ontario,Wood product manufacturing,18185
2017,Prince Edward Island,Forestry and logging,75
2017,Prince Edward Island,Paper manufacturing,320
2017,Prince Edward Island,Support activities for forestry,40
2017,Prince Edward Island,Wood product manufacturing,155
2017,Quebec,Forestry and logging,8090
2017,Quebec,Paper manufacturing,20270
2017,Quebec,Support activities for forestry,5765
2017,Quebec,Wood product manufacturing,30925
2017,Saskatchewan,Forestry and logging,395
2017,Saskatchewan,Paper manufacturing,300
2017,Saskatchewan,Support activities for forestry,905
2017,Saskatchewan,Wood product manufacturing,1840
2017,Yukon,Forestry and logging,30
2017,Yukon,Paper manufacturing,0
2017,Yukon,Support activities for forestry,25
2017,Yukon,Wood product manufacturing,5
2017,Northwest Territories including Nunavut,Forestry and logging,0
2017,Northwest Territories including Nunavut,Paper manufacturing,0
2017,Northwest Territories including Nunavut,Support activities for forestry,0
2017,Northwest Territories including Nunavut,Wood product manufacturing,0
2017,Nunavut,Forestry and logging,0
2017,Nunavut,Paper manufacturing,0
2017,Nunavut,Support activities for forestry,0
2017,Nunavut,Wood product manufacturing,0
2018,Canada,Forestry and logging,33360
2018,Canada,Paper manufacturing,57045
2018,Canada,Support activities for forestry,22485
2018,Canada,Wood product manufacturing,101510
2018,Alberta,Forestry and logging,2950
2018,Alberta,Paper manufacturing,2760
2018,Alberta,Support activities for forestry,1810
2018,Alberta,Wood product manufacturing,9485
2018,British Columbia,Forestry and logging,13450
2018,British Columbia,Paper manufacturing,7920
2018,British Columbia,Support activities for forestry,8935
2018,British Columbia,Wood product manufacturing,31765
2018,Manitoba,Forestry and logging,275
2018,Manitoba,Paper manufacturing,1275
2018,Manitoba,Support activities for forestry,490
2018,Manitoba,Wood product manufacturing,2360
2018,New Brunswick,Forestry and logging,2525
2018,New Brunswick,Paper manufacturing,3110
2018,New Brunswick,Support activities for forestry,940
2018,New Brunswick,Wood product manufacturing,5745
2018,Newfoundland and Labrador,Forestry and logging,310
2018,Newfoundland and Labrador,Paper manufacturing,340
2018,Newfoundland and Labrador,Support activities for forestry,145
2018,Newfoundland and Labrador,Wood product manufacturing,405
2018,Northwest Territories,Forestry and logging,5
2018,Northwest Territories,Paper manufacturing,0
2018,Northwest Territories,Support activities for forestry,160
2018,Northwest Territories,Wood product manufacturing,5
2018,Nova Scotia,Forestry and logging,805
2018,Nova Scotia,Paper manufacturing,1240
2018,Nova Scotia,Support activities for forestry,465
2018,Nova Scotia,Wood product manufacturing,1665
2018,Ontario,Forestry and logging,4155
2018,Ontario,Paper manufacturing,19840
2018,Ontario,Support activities for forestry,2655
2018,Ontario,Wood product manufacturing,17985
2018,Prince Edward Island,Forestry and logging,70
2018,Prince Edward Island,Paper manufacturing,320
2018,Prince Edward Island,Support activities for forestry,50
2018,Prince Edward Island,Wood product manufacturing,160
2018,Quebec,Forestry and logging,8420
2018,Quebec,Paper manufacturing,19935
2018,Quebec,Support activities for forestry,5895
2018,Quebec,Wood product manufacturing,30130
2018,Saskatchewan,Forestry and logging,365
2018,Saskatchewan,Paper manufacturing,305
2018,Saskatchewan,Support activities for forestry,915
2018,Saskatchewan,Wood product manufacturing,1800
2018,Yukon,Forestry and logging,30
2018,Yukon,Paper manufacturing,0
2018,Yukon,Support activities for forestry,25
2018,Yukon,Wood product manufacturing,5
2018,Nunavut,Forestry and logging,0
2018,Nunavut,Paper manufacturing,0
2018,Nunavut,Support activities for forestry,0
2018,Nunavut,Wood product manufacturing,0
2019,Canada,Forestry and logging,31770
2019,Canada,Paper manufacturing,54340
2019,Canada,Support activities for forestry,22945
2019,Canada,Wood product manufacturing,98130
2019,Alberta,Forestry and logging,2945
2019,Alberta,Paper manufacturing,2310
2019,Alberta,Support activities for forestry,1900
2019,Alberta,Wood product manufacturing,9295
2019,British Columbia,Forestry and logging,12620
2019,British Columbia,Paper manufacturing,7670
2019,British Columbia,Support activities for forestry,9370
2019,British Columbia,Wood product manufacturing,29565
2019,Manitoba,Forestry and logging,265
2019,Manitoba,Paper manufacturing,1355
2019,Manitoba,Support activities for forestry,445
2019,Manitoba,Wood product manufacturing,2395
2019,New Brunswick,Forestry and logging,2465
2019,New Brunswick,Paper manufacturing,3065
2019,New Brunswick,Support activities for forestry,895
2019,New Brunswick,Wood product manufacturing,5475
2019,Newfoundland and Labrador,Forestry and logging,255
2019,Newfoundland and Labrador,Paper manufacturing,335
2019,Newfoundland and Labrador,Support activities for forestry,150
2019,Newfoundland and Labrador,Wood product manufacturing,375
2019,Northwest Territories,Forestry and logging,10
2019,Northwest Territories,Paper manufacturing,0
2019,Northwest Territories,Support activities for forestry,170
2019,Northwest Territories,Wood product manufacturing,5
2019,Nova Scotia,Forestry and logging,790
2019,Nova Scotia,Paper manufacturing,1230
2019,Nova Scotia,Support activities for forestry,490
2019,Nova Scotia,Wood product manufacturing,1705
2019,Ontario,Forestry and logging,3925
2019,Ontario,Paper manufacturing,18985
2019,Ontario,Support activities for forestry,2555
2019,Ontario,Wood product manufacturing,17395
2019,Prince Edward Island,Forestry and logging,80
2019,Prince Edward Island,Paper manufacturing,315
2019,Prince Edward Island,Support activities for forestry,55
2019,Prince Edward Island,Wood product manufacturing,160
2019,Quebec,Forestry and logging,8015
2019,Quebec,Paper manufacturing,18750
2019,Quebec,Support activities for forestry,5925
2019,Quebec,Wood product manufacturing,29875
2019,Saskatchewan,Forestry and logging,370
2019,Saskatchewan,Paper manufacturing,325
2019,Saskatchewan,Support activities for forestry,945
2019,Saskatchewan,Wood product manufacturing,1885
2019,Yukon,Forestry and logging,30
2019,Yukon,Paper manufacturing,0
2019,Yukon,Support activities for forestry,45
2019,Yukon,Wood product manufacturing,0
2019,Nunavut,Forestry and logging,0
2019,Nunavut,Paper manufacturing,0
2019,Nunavut,Support activities for forestry,0
2019,Nunavut,Wood product manufacturing,0
2020,Canada,Forestry and logging,28030
2020,Canada,Paper manufacturing,49420
2020,Canada,Support activities for forestry,21460
2020,Canada,Wood product manufacturing,94305
2020,Alberta,Forestry and logging,3035
2020,Alberta,Paper manufacturing,2315
2020,Alberta,Support activities for forestry,1710
2020,Alberta,Wood product manufacturing,8950
2020,British Columbia,Forestry and logging,10385
2020,British Columbia,Paper manufacturing,6695
2020,British Columbia,Support activities for forestry,8840
2020,British Columbia,Wood product manufacturing,27285
2020,Manitoba,Forestry and logging,250
2020,Manitoba,Paper manufacturing,1435
2020,Manitoba,Support activities for forestry,425
2020,Manitoba,Wood product manufacturing,2435
2020,New Brunswick,Forestry and logging,2585
2020,New Brunswick,Paper manufacturing,2910
2020,New Brunswick,Support activities for forestry,880
2020,New Brunswick,Wood product manufacturing,5805
2020,Newfoundland and Labrador,Forestry and logging,245
2020,Newfoundland and Labrador,Paper manufacturing,305
2020,Newfoundland and Labrador,Support activities for forestry,140
2020,Newfoundland and Labrador,Wood product manufacturing,360
2020,Northwest Territories,Forestry and logging,10
2020,Northwest Territories,Paper manufacturing,0
2020,Northwest Territories,Support activities for forestry,170
2020,Northwest Territories,Wood product manufacturing,5
2020,Nova Scotia,Forestry and logging,655
2020,Nova Scotia,Paper manufacturing,875
2020,Nova Scotia,Support activities for forestry,495
2020,Nova Scotia,Wood product manufacturing,1630
2020,Ontario,Forestry and logging,3590
2020,Ontario,Paper manufacturing,17915
2020,Ontario,Support activities for forestry,2340
2020,Ontario,Wood product manufacturing,17295
2020,Prince Edward Island,Forestry and logging,75
2020,Prince Edward Island,Paper manufacturing,325
2020,Prince Edward Island,Support activities for forestry,40
2020,Prince Edward Island,Wood product manufacturing,145
2020,Quebec,Forestry and logging,6800
2020,Quebec,Paper manufacturing,16405
2020,Quebec,Support activities for forestry,5455
2020,Quebec,Wood product manufacturing,28075
2020,Saskatchewan,Forestry and logging,370
2020,Saskatchewan,Paper manufacturing,240
2020,Saskatchewan,Support activities for forestry,930
2020,Saskatchewan,Wood product manufacturing,2310
2020,Yukon,Forestry and logging,30
2020,Yukon,Paper manufacturing,0
2020,Yukon,Support activities for forestry,35
2020,Yukon,Wood product manufacturing,10
2020,Nunavut,Forestry and logging,0
2020,Nunavut,Paper manufacturing,0
2020,Nunavut,Support activities for forestry,0
2020,Nunavut,Wood product manufacturing,0
2021,Canada,Forestry and logging,30980
2021,Canada,Paper manufacturing,52210
2021,Canada,Support activities for forestry,23750
2021,Canada,Wood product manufacturing,106360
2021,Alberta,Forestry and logging,3785
2021,Alberta,Paper manufacturing,2870
2021,Alberta,Support activities for forestry,1800
2021,Alberta,Wood product manufacturing,10115
2021,British Columbia,Forestry and logging,12375
2021,British Columbia,Paper manufacturing,7160
2021,British Columbia,Support activities for forestry,10285
2021,British Columbia,Wood product manufacturing,30330
2021,Manitoba,Forestry and logging,325
2021,Manitoba,Paper manufacturing,1650
2021,Manitoba,Support activities for forestry,485
2021,Manitoba,Wood product manufacturing,2925
2021,New Brunswick,Forestry and logging,2305
2021,New Brunswick,Paper manufacturing,2915
2021,New Brunswick,Support activities for forestry,810
2021,New Brunswick,Wood product manufacturing,5750
2021,Newfoundland and Labrador,Forestry and logging,165
2021,Newfoundland and Labrador,Paper manufacturing,285
2021,Newfoundland and Labrador,Support activities for forestry,145
2021,Newfoundland and Labrador,Wood product manufacturing,385
2021,Northwest Territories,Forestry and logging,10
2021,Northwest Territories,Paper manufacturing,0
2021,Northwest Territories,Support activities for forestry,175
2021,Northwest Territories,Wood product manufacturing,10
2021,Nova Scotia,Forestry and logging,650
2021,Nova Scotia,Paper manufacturing,865
2021,Nova Scotia,Support activities for forestry,430
2021,Nova Scotia,Wood product manufacturing,1880
2021,Ontario,Forestry and logging,3525
2021,Ontario,Paper manufacturing,19235
2021,Ontario,Support activities for forestry,2795
2021,Ontario,Wood product manufacturing,19985
2021,Prince Edward Island,Forestry and logging,65
2021,Prince Edward Island,Paper manufacturing,320
2021,Prince Edward Island,Support activities for forestry,50
2021,Prince Edward Island,Wood product manufacturing,145
2021,Quebec,Forestry and logging,7330
2021,Quebec,Paper manufacturing,16635
2021,Quebec,Support activities for forestry,5710
2021,Quebec,Wood product manufacturing,31240
2021,Saskatchewan,Forestry and logging,425
2021,Saskatchewan,Paper manufacturing,275
2021,Saskatchewan,Support activities for forestry,1035
2021,Saskatchewan,Wood product manufacturing,3585
2021,Yukon,Forestry and logging,20
2021,Yukon,Paper manufacturing,0
2021,Yukon,Support activities for forestry,30
2021,Yukon,Wood product manufacturing,10
2021,Nunavut,Forestry and logging,0
2021,Nunavut,Paper manufacturing,0
2021,Nunavut,Support activities for forestry,0
2021,Nunavut,Wood product manufacturing,0
2022,Canada,Forestry and logging,31110
2022,Canada,Paper manufacturing,52825
2022,Canada,Support activities for forestry,21580
2022,Canada,Wood product manufacturing,107145
2022,Alberta,Forestry and logging,4115
2022,Alberta,Paper manufacturing,3100
2022,Alberta,Support activities for forestry,1745
2022,Alberta,Wood product manufacturing,10650
2022,British Columbia,Forestry and logging,13320
2022,British Columbia,Paper manufacturing,6620
2022,British Columbia,Support activities for forestry,8895
2022,British Columbia,Wood product manufacturing,27285
2022,Manitoba,Forestry and logging,290
2022,Manitoba,Paper manufacturing,1840
2022,Manitoba,Support activities for forestry,430
2022,Manitoba,Wood product manufacturing,3170
2022,New Brunswick,Forestry and logging,1805
2022,New Brunswick,Paper manufacturing,2835
2022,New Brunswick,Support activities for forestry,705
2022,New Brunswick,Wood product manufacturing,5935
2022,Newfoundland and Labrador,Forestry and logging,100
2022,Newfoundland and Labrador,Paper manufacturing,320
2022,Newfoundland and Labrador,Support activities for forestry,190
2022,Newfoundland and Labrador,Wood product manufacturing,395
2022,Northwest Territories,Forestry and logging,10
2022,Northwest Territories,Paper manufacturing,0
2022,Northwest Territories,Support activities for forestry,170
2022,Northwest Territories,Wood product manufacturing,15
2022,Nova Scotia,Forestry and logging,560
2022,Nova Scotia,Paper manufacturing,820
2022,Nova Scotia,Support activities for forestry,450
2022,Nova Scotia,Wood product manufacturing,1940
2022,Ontario,Forestry and logging,3255
2022,Ontario,Paper manufacturing,20095
2022,Ontario,Support activities for forestry,3035
2022,Ontario,Wood product manufacturing,21600
2022,Prince Edward Island,Forestry and logging,50
2022,Prince Edward Island,Paper manufacturing,405
2022,Prince Edward Island,Support activities for forestry,45
2022,Prince Edward Island,Wood product manufacturing,160
2022,Quebec,Forestry and logging,7240
2022,Quebec,Paper manufacturing,16520
2022,Quebec,Support activities for forestry,4930
2022,Quebec,Wood product manufacturing,32310
2022,Saskatchewan,Forestry and logging,345
2022,Saskatchewan,Paper manufacturing,270
2022,Saskatchewan,Support activities for forestry,955
2022,Saskatchewan,Wood product manufacturing,3675
2022,Yukon,Forestry and logging,20
2022,Yukon,Paper manufacturing,0
2022,Yukon,Support activities for forestry,30
2022,Yukon,Wood product manufacturing,10
2022,Nunavut,Forestry and logging,0
2022,Nunavut,Paper manufacturing,0
2022,Nunavut,Support activities for forestry,0
2022,Nunavut,Wood product manufacturing,0
