Année,Juridiction,SCIAN,Valeur
2001,Canada,Foresterie et exploitation forestière,58230
2001,Canada,Fabrication du papier,103420
2001,Canada,Activités de soutien à la foresterie,20980
2001,Canada,Fabrication de produits en bois,151515
2001,Alberta,Foresterie et exploitation forestière,3080
2001,Alberta,Fabrication du papier,3800
2001,Alberta,Activités de soutien à la foresterie,1650
2001,Alberta,Fabrication de produits en bois,10675
2001,Colombie-Britannique,Foresterie et exploitation forestière,22930
2001,Colombie-Britannique,Fabrication du papier,14175
2001,Colombie-Britannique,Activités de soutien à la foresterie,8080
2001,Colombie-Britannique,Fabrication de produits en bois,43260
2001,Manitoba,Foresterie et exploitation forestière,610
2001,Manitoba,Fabrication du papier,2850
2001,Manitoba,Activités de soutien à la foresterie,800
2001,Manitoba,Fabrication de produits en bois,4200
2001,Nouveau-Brunswick,Foresterie et exploitation forestière,4725
2001,Nouveau-Brunswick,Fabrication du papier,3795
2001,Nouveau-Brunswick,Activités de soutien à la foresterie,1300
2001,Nouveau-Brunswick,Fabrication de produits en bois,7310
2001,Terre-Neuve-et-Labrador,Foresterie et exploitation forestière,1200
2001,Terre-Neuve-et-Labrador,Fabrication du papier,1660
2001,Terre-Neuve-et-Labrador,Activités de soutien à la foresterie,285
2001,Terre-Neuve-et-Labrador,Fabrication de produits en bois,805
2001,Territoires du Nord-Ouest,Foresterie et exploitation forestière,30
2001,Territoires du Nord-Ouest,Fabrication du papier,0
2001,Territoires du Nord-Ouest,Activités de soutien à la foresterie,165
2001,Territoires du Nord-Ouest,Fabrication de produits en bois,15
2001,Nouvelle-Écosse,Foresterie et exploitation forestière,2185
2001,Nouvelle-Écosse,Fabrication du papier,3025
2001,Nouvelle-Écosse,Activités de soutien à la foresterie,645
2001,Nouvelle-Écosse,Fabrication de produits en bois,3580
2001,Ontario,Foresterie et exploitation forestière,8945
2001,Ontario,Fabrication du papier,38120
2001,Ontario,Activités de soutien à la foresterie,2340
2001,Ontario,Fabrication de produits en bois,35425
2001,Île-du-Prince-Édouard,Foresterie et exploitation forestière,105
2001,Île-du-Prince-Édouard,Fabrication du papier,70
2001,Île-du-Prince-Édouard,Activités de soutien à la foresterie,55
2001,Île-du-Prince-Édouard,Fabrication de produits en bois,300
2001,Québec,Foresterie et exploitation forestière,13345
2001,Québec,Fabrication du papier,34700
2001,Québec,Activités de soutien à la foresterie,4285
2001,Québec,Fabrication de produits en bois,44090
2001,Saskatchewan,Foresterie et exploitation forestière,1035
2001,Saskatchewan,Fabrication du papier,1225
2001,Saskatchewan,Activités de soutien à la foresterie,1365
2001,Saskatchewan,Fabrication de produits en bois,1820
2001,Yukon,Foresterie et exploitation forestière,40
2001,Yukon,Fabrication du papier,0
2001,Yukon,Activités de soutien à la foresterie,10
2001,Yukon,Fabrication de produits en bois,35
2001,Territoires du Nord-Ouest,Foresterie et exploitation forestière,0
2001,Territoires du Nord-Ouest,Fabrication du papier,0
2001,Territoires du Nord-Ouest,Activités de soutien à la foresterie,0
2001,Territoires du Nord-Ouest,Fabrication de produits en bois,0
2001,Nunavut,Foresterie et exploitation forestière,0
2001,Nunavut,Fabrication du papier,0
2001,Nunavut,Activités de soutien à la foresterie,0
2001,Nunavut,Fabrication de produits en bois,0
2002,Canada,Foresterie et exploitation forestière,58340
2002,Canada,Fabrication du papier,95945
2002,Canada,Activités de soutien à la foresterie,20345
2002,Canada,Fabrication de produits en bois,154740
2002,Alberta,Foresterie et exploitation forestière,2920
2002,Alberta,Fabrication du papier,3695
2002,Alberta,Activités de soutien à la foresterie,1515
2002,Alberta,Fabrication de produits en bois,12050
2002,Colombie-Britannique,Foresterie et exploitation forestière,22730
2002,Colombie-Britannique,Fabrication du papier,11885
2002,Colombie-Britannique,Activités de soutien à la foresterie,7535
2002,Colombie-Britannique,Fabrication de produits en bois,44610
2002,Manitoba,Foresterie et exploitation forestière,640
2002,Manitoba,Fabrication du papier,2335
2002,Manitoba,Activités de soutien à la foresterie,755
2002,Manitoba,Fabrication de produits en bois,4165
2002,Nouveau-Brunswick,Foresterie et exploitation forestière,4985
2002,Nouveau-Brunswick,Fabrication du papier,4100
2002,Nouveau-Brunswick,Activités de soutien à la foresterie,1240
2002,Nouveau-Brunswick,Fabrication de produits en bois,7010
2002,Terre-Neuve-et-Labrador,Foresterie et exploitation forestière,1210
2002,Terre-Neuve-et-Labrador,Fabrication du papier,1390
2002,Terre-Neuve-et-Labrador,Activités de soutien à la foresterie,300
2002,Terre-Neuve-et-Labrador,Fabrication de produits en bois,655
2002,Territoires du Nord-Ouest,Foresterie et exploitation forestière,20
2002,Territoires du Nord-Ouest,Fabrication du papier,0
2002,Territoires du Nord-Ouest,Activités de soutien à la foresterie,165
2002,Territoires du Nord-Ouest,Fabrication de produits en bois,10
2002,Nouvelle-Écosse,Foresterie et exploitation forestière,2305
2002,Nouvelle-Écosse,Fabrication du papier,2185
2002,Nouvelle-Écosse,Activités de soutien à la foresterie,680
2002,Nouvelle-Écosse,Fabrication de produits en bois,3370
2002,Ontario,Foresterie et exploitation forestière,8590
2002,Ontario,Fabrication du papier,35315
2002,Ontario,Activités de soutien à la foresterie,2205
2002,Ontario,Fabrication de produits en bois,35040
2002,Île-du-Prince-Édouard,Foresterie et exploitation forestière,110
2002,Île-du-Prince-Édouard,Fabrication du papier,75
2002,Île-du-Prince-Édouard,Activités de soutien à la foresterie,50
2002,Île-du-Prince-Édouard,Fabrication de produits en bois,310
2002,Québec,Foresterie et exploitation forestière,13755
2002,Québec,Fabrication du papier,33605
2002,Québec,Activités de soutien à la foresterie,4520
2002,Québec,Fabrication de produits en bois,45365
2002,Saskatchewan,Foresterie et exploitation forestière,1030
2002,Saskatchewan,Fabrication du papier,1360
2002,Saskatchewan,Activités de soutien à la foresterie,1370
2002,Saskatchewan,Fabrication de produits en bois,2125
2002,Yukon,Foresterie et exploitation forestière,45
2002,Yukon,Fabrication du papier,0
2002,Yukon,Activités de soutien à la foresterie,10
2002,Yukon,Fabrication de produits en bois,30
2002,Territoires du Nord-Ouest,Foresterie et exploitation forestière,0
2002,Territoires du Nord-Ouest,Fabrication du papier,0
2002,Territoires du Nord-Ouest,Activités de soutien à la foresterie,0
2002,Territoires du Nord-Ouest,Fabrication de produits en bois,0
2002,Nunavut,Foresterie et exploitation forestière,0
2002,Nunavut,Fabrication du papier,0
2002,Nunavut,Activités de soutien à la foresterie,0
2002,Nunavut,Fabrication de produits en bois,0
2003,Canada,Foresterie et exploitation forestière,55875
2003,Canada,Fabrication du papier,91640
2003,Canada,Activités de soutien à la foresterie,21490
2003,Canada,Fabrication de produits en bois,151615
2003,Alberta,Foresterie et exploitation forestière,2550
2003,Alberta,Fabrication du papier,3800
2003,Alberta,Activités de soutien à la foresterie,1555
2003,Alberta,Fabrication de produits en bois,12375
2003,Colombie-Britannique,Foresterie et exploitation forestière,22425
2003,Colombie-Britannique,Fabrication du papier,10500
2003,Colombie-Britannique,Activités de soutien à la foresterie,7745
2003,Colombie-Britannique,Fabrication de produits en bois,42515
2003,Manitoba,Foresterie et exploitation forestière,615
2003,Manitoba,Fabrication du papier,2195
2003,Manitoba,Activités de soutien à la foresterie,665
2003,Manitoba,Fabrication de produits en bois,4700
2003,Nouveau-Brunswick,Foresterie et exploitation forestière,3940
2003,Nouveau-Brunswick,Fabrication du papier,4135
2003,Nouveau-Brunswick,Activités de soutien à la foresterie,1345
2003,Nouveau-Brunswick,Fabrication de produits en bois,6880
2003,Terre-Neuve-et-Labrador,Foresterie et exploitation forestière,970
2003,Terre-Neuve-et-Labrador,Fabrication du papier,1080
2003,Terre-Neuve-et-Labrador,Activités de soutien à la foresterie,295
2003,Terre-Neuve-et-Labrador,Fabrication de produits en bois,580
2003,Territoires du Nord-Ouest,Foresterie et exploitation forestière,15
2003,Territoires du Nord-Ouest,Fabrication du papier,0
2003,Territoires du Nord-Ouest,Activités de soutien à la foresterie,170
2003,Territoires du Nord-Ouest,Fabrication de produits en bois,5
2003,Nouvelle-Écosse,Foresterie et exploitation forestière,2230
2003,Nouvelle-Écosse,Fabrication du papier,1945
2003,Nouvelle-Écosse,Activités de soutien à la foresterie,615
2003,Nouvelle-Écosse,Fabrication de produits en bois,3395
2003,Ontario,Foresterie et exploitation forestière,8130
2003,Ontario,Fabrication du papier,36390
2003,Ontario,Activités de soutien à la foresterie,2665
2003,Ontario,Fabrication de produits en bois,36005
2003,Île-du-Prince-Édouard,Foresterie et exploitation forestière,130
2003,Île-du-Prince-Édouard,Fabrication du papier,60
2003,Île-du-Prince-Édouard,Activités de soutien à la foresterie,30
2003,Île-du-Prince-Édouard,Fabrication de produits en bois,350
2003,Québec,Foresterie et exploitation forestière,13860
2003,Québec,Fabrication du papier,30040
2003,Québec,Activités de soutien à la foresterie,4975
2003,Québec,Fabrication de produits en bois,42300
2003,Saskatchewan,Foresterie et exploitation forestière,975
2003,Saskatchewan,Fabrication du papier,1495
2003,Saskatchewan,Activités de soutien à la foresterie,1420
2003,Saskatchewan,Fabrication de produits en bois,2480
2003,Yukon,Foresterie et exploitation forestière,35
2003,Yukon,Fabrication du papier,0
2003,Yukon,Activités de soutien à la foresterie,10
2003,Yukon,Fabrication de produits en bois,30
2003,Territoires du Nord-Ouest,Foresterie et exploitation forestière,0
2003,Territoires du Nord-Ouest,Fabrication du papier,0
2003,Territoires du Nord-Ouest,Activités de soutien à la foresterie,0
2003,Territoires du Nord-Ouest,Fabrication de produits en bois,0
2003,Nunavut,Foresterie et exploitation forestière,0
2003,Nunavut,Fabrication du papier,0
2003,Nunavut,Activités de soutien à la foresterie,0
2003,Nunavut,Fabrication de produits en bois,0
2004,Canada,Foresterie et exploitation forestière,56100
2004,Canada,Fabrication du papier,90220
2004,Canada,Activités de soutien à la foresterie,20295
2004,Canada,Fabrication de produits en bois,162735
2004,Alberta,Foresterie et exploitation forestière,2875
2004,Alberta,Fabrication du papier,3695
2004,Alberta,Activités de soutien à la foresterie,1815
2004,Alberta,Fabrication de produits en bois,13635
2004,Colombie-Britannique,Foresterie et exploitation forestière,23185
2004,Colombie-Britannique,Fabrication du papier,12640
2004,Colombie-Britannique,Activités de soutien à la foresterie,6885
2004,Colombie-Britannique,Fabrication de produits en bois,49430
2004,Manitoba,Foresterie et exploitation forestière,595
2004,Manitoba,Fabrication du papier,2025
2004,Manitoba,Activités de soutien à la foresterie,645
2004,Manitoba,Fabrication de produits en bois,5045
2004,Nouveau-Brunswick,Foresterie et exploitation forestière,3630
2004,Nouveau-Brunswick,Fabrication du papier,4255
2004,Nouveau-Brunswick,Activités de soutien à la foresterie,1310
2004,Nouveau-Brunswick,Fabrication de produits en bois,6805
2004,Terre-Neuve-et-Labrador,Foresterie et exploitation forestière,990
2004,Terre-Neuve-et-Labrador,Fabrication du papier,825
2004,Terre-Neuve-et-Labrador,Activités de soutien à la foresterie,270
2004,Terre-Neuve-et-Labrador,Fabrication de produits en bois,595
2004,Territoires du Nord-Ouest,Foresterie et exploitation forestière,10
2004,Territoires du Nord-Ouest,Fabrication du papier,0
2004,Territoires du Nord-Ouest,Activités de soutien à la foresterie,170
2004,Territoires du Nord-Ouest,Fabrication de produits en bois,15
2004,Nouvelle-Écosse,Foresterie et exploitation forestière,2285
2004,Nouvelle-Écosse,Fabrication du papier,2170
2004,Nouvelle-Écosse,Activités de soutien à la foresterie,630
2004,Nouvelle-Écosse,Fabrication de produits en bois,3500
2004,Ontario,Foresterie et exploitation forestière,8010
2004,Ontario,Fabrication du papier,35020
2004,Ontario,Activités de soutien à la foresterie,2230
2004,Ontario,Fabrication de produits en bois,36180
2004,Île-du-Prince-Édouard,Foresterie et exploitation forestière,80
2004,Île-du-Prince-Édouard,Fabrication du papier,105
2004,Île-du-Prince-Édouard,Activités de soutien à la foresterie,25
2004,Île-du-Prince-Édouard,Fabrication de produits en bois,335
2004,Québec,Foresterie et exploitation forestière,13570
2004,Québec,Fabrication du papier,27860
2004,Québec,Activités de soutien à la foresterie,4965
2004,Québec,Fabrication de produits en bois,43355
2004,Saskatchewan,Foresterie et exploitation forestière,840
2004,Saskatchewan,Fabrication du papier,1625
2004,Saskatchewan,Activités de soutien à la foresterie,1340
2004,Saskatchewan,Fabrication de produits en bois,3825
2004,Yukon,Foresterie et exploitation forestière,30
2004,Yukon,Fabrication du papier,0
2004,Yukon,Activités de soutien à la foresterie,10
2004,Yukon,Fabrication de produits en bois,15
2004,Territoires du Nord-Ouest,Foresterie et exploitation forestière,0
2004,Territoires du Nord-Ouest,Fabrication du papier,0
2004,Territoires du Nord-Ouest,Activités de soutien à la foresterie,0
2004,Territoires du Nord-Ouest,Fabrication de produits en bois,0
2004,Nunavut,Foresterie et exploitation forestière,0
2004,Nunavut,Fabrication du papier,0
2004,Nunavut,Activités de soutien à la foresterie,0
2004,Nunavut,Fabrication de produits en bois,0
2005,Canada,Foresterie et exploitation forestière,56670
2005,Canada,Fabrication du papier,90040
2005,Canada,Activités de soutien à la foresterie,20240
2005,Canada,Fabrication de produits en bois,153985
2005,Alberta,Foresterie et exploitation forestière,2885
2005,Alberta,Fabrication du papier,3595
2005,Alberta,Activités de soutien à la foresterie,1760
2005,Alberta,Fabrication de produits en bois,12330
2005,Colombie-Britannique,Foresterie et exploitation forestière,23385
2005,Colombie-Britannique,Fabrication du papier,13600
2005,Colombie-Britannique,Activités de soutien à la foresterie,6820
2005,Colombie-Britannique,Fabrication de produits en bois,46420
2005,Manitoba,Foresterie et exploitation forestière,565
2005,Manitoba,Fabrication du papier,2020
2005,Manitoba,Activités de soutien à la foresterie,635
2005,Manitoba,Fabrication de produits en bois,4860
2005,Nouveau-Brunswick,Foresterie et exploitation forestière,3490
2005,Nouveau-Brunswick,Fabrication du papier,2705
2005,Nouveau-Brunswick,Activités de soutien à la foresterie,1255
2005,Nouveau-Brunswick,Fabrication de produits en bois,6725
2005,Terre-Neuve-et-Labrador,Foresterie et exploitation forestière,900
2005,Terre-Neuve-et-Labrador,Fabrication du papier,760
2005,Terre-Neuve-et-Labrador,Activités de soutien à la foresterie,255
2005,Terre-Neuve-et-Labrador,Fabrication de produits en bois,545
2005,Territoires du Nord-Ouest,Foresterie et exploitation forestière,15
2005,Territoires du Nord-Ouest,Fabrication du papier,0
2005,Territoires du Nord-Ouest,Activités de soutien à la foresterie,160
2005,Territoires du Nord-Ouest,Fabrication de produits en bois,10
2005,Nouvelle-Écosse,Foresterie et exploitation forestière,2195
2005,Nouvelle-Écosse,Fabrication du papier,2230
2005,Nouvelle-Écosse,Activités de soutien à la foresterie,600
2005,Nouvelle-Écosse,Fabrication de produits en bois,3385
2005,Ontario,Foresterie et exploitation forestière,8565
2005,Ontario,Fabrication du papier,33565
2005,Ontario,Activités de soutien à la foresterie,2605
2005,Ontario,Fabrication de produits en bois,34185
2005,Île-du-Prince-Édouard,Foresterie et exploitation forestière,65
2005,Île-du-Prince-Édouard,Fabrication du papier,125
2005,Île-du-Prince-Édouard,Activités de soutien à la foresterie,15
2005,Île-du-Prince-Édouard,Fabrication de produits en bois,360
2005,Québec,Foresterie et exploitation forestière,13900
2005,Québec,Fabrication du papier,29960
2005,Québec,Activités de soutien à la foresterie,4955
2005,Québec,Fabrication de produits en bois,41870
2005,Saskatchewan,Foresterie et exploitation forestière,680
2005,Saskatchewan,Fabrication du papier,1480
2005,Saskatchewan,Activités de soutien à la foresterie,1170
2005,Saskatchewan,Fabrication de produits en bois,3270
2005,Yukon,Foresterie et exploitation forestière,25
2005,Yukon,Fabrication du papier,0
2005,Yukon,Activités de soutien à la foresterie,10
2005,Yukon,Fabrication de produits en bois,25
2005,Territoires du Nord-Ouest,Foresterie et exploitation forestière,0
2005,Territoires du Nord-Ouest,Fabrication du papier,0
2005,Territoires du Nord-Ouest,Activités de soutien à la foresterie,0
2005,Territoires du Nord-Ouest,Fabrication de produits en bois,0
2005,Nunavut,Foresterie et exploitation forestière,0
2005,Nunavut,Fabrication du papier,0
2005,Nunavut,Activités de soutien à la foresterie,0
2005,Nunavut,Fabrication de produits en bois,0
2006,Canada,Foresterie et exploitation forestière,49955
2006,Canada,Fabrication du papier,83210
2006,Canada,Activités de soutien à la foresterie,21390
2006,Canada,Fabrication de produits en bois,136805
2006,Alberta,Foresterie et exploitation forestière,3030
2006,Alberta,Fabrication du papier,3850
2006,Alberta,Activités de soutien à la foresterie,1885
2006,Alberta,Fabrication de produits en bois,12505
2006,Colombie-Britannique,Foresterie et exploitation forestière,18770
2006,Colombie-Britannique,Fabrication du papier,13350
2006,Colombie-Britannique,Activités de soutien à la foresterie,7720
2006,Colombie-Britannique,Fabrication de produits en bois,40200
2006,Manitoba,Foresterie et exploitation forestière,555
2006,Manitoba,Fabrication du papier,1740
2006,Manitoba,Activités de soutien à la foresterie,610
2006,Manitoba,Fabrication de produits en bois,4435
2006,Nouveau-Brunswick,Foresterie et exploitation forestière,3210
2006,Nouveau-Brunswick,Fabrication du papier,2795
2006,Nouveau-Brunswick,Activités de soutien à la foresterie,1250
2006,Nouveau-Brunswick,Fabrication de produits en bois,6065
2006,Terre-Neuve-et-Labrador,Foresterie et exploitation forestière,845
2006,Terre-Neuve-et-Labrador,Fabrication du papier,1155
2006,Terre-Neuve-et-Labrador,Activités de soutien à la foresterie,250
2006,Terre-Neuve-et-Labrador,Fabrication de produits en bois,460
2006,Territoires du Nord-Ouest,Foresterie et exploitation forestière,15
2006,Territoires du Nord-Ouest,Fabrication du papier,0
2006,Territoires du Nord-Ouest,Activités de soutien à la foresterie,170
2006,Territoires du Nord-Ouest,Fabrication de produits en bois,0
2006,Nouvelle-Écosse,Foresterie et exploitation forestière,1910
2006,Nouvelle-Écosse,Fabrication du papier,1895
2006,Nouvelle-Écosse,Activités de soutien à la foresterie,520
2006,Nouvelle-Écosse,Fabrication de produits en bois,3605
2006,Ontario,Foresterie et exploitation forestière,7725
2006,Ontario,Fabrication du papier,30145
2006,Ontario,Activités de soutien à la foresterie,2635
2006,Ontario,Fabrication de produits en bois,30525
2006,Île-du-Prince-Édouard,Foresterie et exploitation forestière,65
2006,Île-du-Prince-Édouard,Fabrication du papier,120
2006,Île-du-Prince-Édouard,Activités de soutien à la foresterie,10
2006,Île-du-Prince-Édouard,Fabrication de produits en bois,385
2006,Québec,Foresterie et exploitation forestière,13205
2006,Québec,Fabrication du papier,27800
2006,Québec,Activités de soutien à la foresterie,5105
2006,Québec,Fabrication de produits en bois,36670
2006,Saskatchewan,Foresterie et exploitation forestière,605
2006,Saskatchewan,Fabrication du papier,360
2006,Saskatchewan,Activités de soutien à la foresterie,1225
2006,Saskatchewan,Fabrication de produits en bois,1925
2006,Yukon,Foresterie et exploitation forestière,20
2006,Yukon,Fabrication du papier,0
2006,Yukon,Activités de soutien à la foresterie,10
2006,Yukon,Fabrication de produits en bois,30
2006,Territoires du Nord-Ouest,Foresterie et exploitation forestière,0
2006,Territoires du Nord-Ouest,Fabrication du papier,0
2006,Territoires du Nord-Ouest,Activités de soutien à la foresterie,0
2006,Territoires du Nord-Ouest,Fabrication de produits en bois,0
2006,Nunavut,Foresterie et exploitation forestière,0
2006,Nunavut,Fabrication du papier,0
2006,Nunavut,Activités de soutien à la foresterie,0
2006,Nunavut,Fabrication de produits en bois,0
2007,Canada,Foresterie et exploitation forestière,44940
2007,Canada,Fabrication du papier,77780
2007,Canada,Activités de soutien à la foresterie,21145
2007,Canada,Fabrication de produits en bois,114635
2007,Alberta,Foresterie et exploitation forestière,2700
2007,Alberta,Fabrication du papier,3660
2007,Alberta,Activités de soutien à la foresterie,1800
2007,Alberta,Fabrication de produits en bois,11255
2007,Colombie-Britannique,Foresterie et exploitation forestière,16665
2007,Colombie-Britannique,Fabrication du papier,12230
2007,Colombie-Britannique,Activités de soutien à la foresterie,7725
2007,Colombie-Britannique,Fabrication de produits en bois,35125
2007,Manitoba,Foresterie et exploitation forestière,540
2007,Manitoba,Fabrication du papier,1710
2007,Manitoba,Activités de soutien à la foresterie,620
2007,Manitoba,Fabrication de produits en bois,4030
2007,Nouveau-Brunswick,Foresterie et exploitation forestière,3045
2007,Nouveau-Brunswick,Fabrication du papier,4035
2007,Nouveau-Brunswick,Activités de soutien à la foresterie,1245
2007,Nouveau-Brunswick,Fabrication de produits en bois,4780
2007,Terre-Neuve-et-Labrador,Foresterie et exploitation forestière,800
2007,Terre-Neuve-et-Labrador,Fabrication du papier,1095
2007,Terre-Neuve-et-Labrador,Activités de soutien à la foresterie,245
2007,Terre-Neuve-et-Labrador,Fabrication de produits en bois,485
2007,Territoires du Nord-Ouest,Foresterie et exploitation forestière,15
2007,Territoires du Nord-Ouest,Fabrication du papier,0
2007,Territoires du Nord-Ouest,Activités de soutien à la foresterie,170
2007,Territoires du Nord-Ouest,Fabrication de produits en bois,0
2007,Nouvelle-Écosse,Foresterie et exploitation forestière,1875
2007,Nouvelle-Écosse,Fabrication du papier,2540
2007,Nouvelle-Écosse,Activités de soutien à la foresterie,525
2007,Nouvelle-Écosse,Fabrication de produits en bois,3070
2007,Ontario,Foresterie et exploitation forestière,7115
2007,Ontario,Fabrication du papier,27200
2007,Ontario,Activités de soutien à la foresterie,2670
2007,Ontario,Fabrication de produits en bois,23855
2007,Île-du-Prince-Édouard,Foresterie et exploitation forestière,55
2007,Île-du-Prince-Édouard,Fabrication du papier,110
2007,Île-du-Prince-Édouard,Activités de soutien à la foresterie,25
2007,Île-du-Prince-Édouard,Fabrication de produits en bois,255
2007,Québec,Foresterie et exploitation forestière,11620
2007,Québec,Fabrication du papier,24755
2007,Québec,Activités de soutien à la foresterie,4955
2007,Québec,Fabrication de produits en bois,30520
2007,Saskatchewan,Foresterie et exploitation forestière,490
2007,Saskatchewan,Fabrication du papier,445
2007,Saskatchewan,Activités de soutien à la foresterie,1155
2007,Saskatchewan,Fabrication de produits en bois,1245
2007,Yukon,Foresterie et exploitation forestière,20
2007,Yukon,Fabrication du papier,0
2007,Yukon,Activités de soutien à la foresterie,10
2007,Yukon,Fabrication de produits en bois,15
2007,Territoires du Nord-Ouest,Foresterie et exploitation forestière,0
2007,Territoires du Nord-Ouest,Fabrication du papier,0
2007,Territoires du Nord-Ouest,Activités de soutien à la foresterie,0
2007,Territoires du Nord-Ouest,Fabrication de produits en bois,0
2007,Nunavut,Foresterie et exploitation forestière,0
2007,Nunavut,Fabrication du papier,0
2007,Nunavut,Activités de soutien à la foresterie,0
2007,Nunavut,Fabrication de produits en bois,0
2008,Canada,Foresterie et exploitation forestière,41920
2008,Canada,Fabrication du papier,70560
2008,Canada,Activités de soutien à la foresterie,20610
2008,Canada,Fabrication de produits en bois,102075
2008,Alberta,Foresterie et exploitation forestière,2540
2008,Alberta,Fabrication du papier,3295
2008,Alberta,Activités de soutien à la foresterie,1815
2008,Alberta,Fabrication de produits en bois,9600
2008,Colombie-Britannique,Foresterie et exploitation forestière,13990
2008,Colombie-Britannique,Fabrication du papier,10575
2008,Colombie-Britannique,Activités de soutien à la foresterie,7460
2008,Colombie-Britannique,Fabrication de produits en bois,29505
2008,Manitoba,Foresterie et exploitation forestière,445
2008,Manitoba,Fabrication du papier,1600
2008,Manitoba,Activités de soutien à la foresterie,550
2008,Manitoba,Fabrication de produits en bois,4110
2008,Nouveau-Brunswick,Foresterie et exploitation forestière,2850
2008,Nouveau-Brunswick,Fabrication du papier,3225
2008,Nouveau-Brunswick,Activités de soutien à la foresterie,1055
2008,Nouveau-Brunswick,Fabrication de produits en bois,4595
2008,Terre-Neuve-et-Labrador,Foresterie et exploitation forestière,680
2008,Terre-Neuve-et-Labrador,Fabrication du papier,1070
2008,Terre-Neuve-et-Labrador,Activités de soutien à la foresterie,205
2008,Terre-Neuve-et-Labrador,Fabrication de produits en bois,420
2008,Territoires du Nord-Ouest,Foresterie et exploitation forestière,15
2008,Territoires du Nord-Ouest,Fabrication du papier,0
2008,Territoires du Nord-Ouest,Activités de soutien à la foresterie,175
2008,Territoires du Nord-Ouest,Fabrication de produits en bois,0
2008,Nouvelle-Écosse,Foresterie et exploitation forestière,1765
2008,Nouvelle-Écosse,Fabrication du papier,2385
2008,Nouvelle-Écosse,Activités de soutien à la foresterie,605
2008,Nouvelle-Écosse,Fabrication de produits en bois,3450
2008,Ontario,Foresterie et exploitation forestière,6235
2008,Ontario,Fabrication du papier,25165
2008,Ontario,Activités de soutien à la foresterie,2665
2008,Ontario,Fabrication de produits en bois,20595
2008,Île-du-Prince-Édouard,Foresterie et exploitation forestière,45
2008,Île-du-Prince-Édouard,Fabrication du papier,105
2008,Île-du-Prince-Édouard,Activités de soutien à la foresterie,20
2008,Île-du-Prince-Édouard,Fabrication de produits en bois,230
2008,Québec,Foresterie et exploitation forestière,12930
2008,Québec,Fabrication du papier,22905
2008,Québec,Activités de soutien à la foresterie,4825
2008,Québec,Fabrication de produits en bois,28445
2008,Saskatchewan,Foresterie et exploitation forestière,405
2008,Saskatchewan,Fabrication du papier,235
2008,Saskatchewan,Activités de soutien à la foresterie,1225
2008,Saskatchewan,Fabrication de produits en bois,1110
2008,Yukon,Foresterie et exploitation forestière,20
2008,Yukon,Fabrication du papier,0
2008,Yukon,Activités de soutien à la foresterie,10
2008,Yukon,Fabrication de produits en bois,15
2008,Territoires du Nord-Ouest,Foresterie et exploitation forestière,0
2008,Territoires du Nord-Ouest,Fabrication du papier,0
2008,Territoires du Nord-Ouest,Activités de soutien à la foresterie,0
2008,Territoires du Nord-Ouest,Fabrication de produits en bois,0
2008,Nunavut,Foresterie et exploitation forestière,0
2008,Nunavut,Fabrication du papier,0
2008,Nunavut,Activités de soutien à la foresterie,0
2008,Nunavut,Fabrication de produits en bois,0
2009,Canada,Foresterie et exploitation forestière,34855
2009,Canada,Fabrication du papier,64550
2009,Canada,Activités de soutien à la foresterie,21730
2009,Canada,Fabrication de produits en bois,87610
2009,Alberta,Foresterie et exploitation forestière,2315
2009,Alberta,Fabrication du papier,2865
2009,Alberta,Activités de soutien à la foresterie,1735
2009,Alberta,Fabrication de produits en bois,9030
2009,Colombie-Britannique,Foresterie et exploitation forestière,10130
2009,Colombie-Britannique,Fabrication du papier,9145
2009,Colombie-Britannique,Activités de soutien à la foresterie,7205
2009,Colombie-Britannique,Fabrication de produits en bois,23905
2009,Manitoba,Foresterie et exploitation forestière,345
2009,Manitoba,Fabrication du papier,1405
2009,Manitoba,Activités de soutien à la foresterie,560
2009,Manitoba,Fabrication de produits en bois,3290
2009,Nouveau-Brunswick,Foresterie et exploitation forestière,3040
2009,Nouveau-Brunswick,Fabrication du papier,2720
2009,Nouveau-Brunswick,Activités de soutien à la foresterie,945
2009,Nouveau-Brunswick,Fabrication de produits en bois,4185
2009,Terre-Neuve-et-Labrador,Foresterie et exploitation forestière,525
2009,Terre-Neuve-et-Labrador,Fabrication du papier,675
2009,Terre-Neuve-et-Labrador,Activités de soutien à la foresterie,185
2009,Terre-Neuve-et-Labrador,Fabrication de produits en bois,395
2009,Territoires du Nord-Ouest,Foresterie et exploitation forestière,10
2009,Territoires du Nord-Ouest,Fabrication du papier,0
2009,Territoires du Nord-Ouest,Activités de soutien à la foresterie,170
2009,Territoires du Nord-Ouest,Fabrication de produits en bois,0
2009,Nouvelle-Écosse,Foresterie et exploitation forestière,1425
2009,Nouvelle-Écosse,Fabrication du papier,1830
2009,Nouvelle-Écosse,Activités de soutien à la foresterie,680
2009,Nouvelle-Écosse,Fabrication de produits en bois,3250
2009,Ontario,Foresterie et exploitation forestière,4640
2009,Ontario,Fabrication du papier,23395
2009,Ontario,Activités de soutien à la foresterie,2985
2009,Ontario,Fabrication de produits en bois,17345
2009,Île-du-Prince-Édouard,Foresterie et exploitation forestière,40
2009,Île-du-Prince-Édouard,Fabrication du papier,120
2009,Île-du-Prince-Édouard,Activités de soutien à la foresterie,20
2009,Île-du-Prince-Édouard,Fabrication de produits en bois,160
2009,Québec,Foresterie et exploitation forestière,12030
2009,Québec,Fabrication du papier,22030
2009,Québec,Activités de soutien à la foresterie,6030
2009,Québec,Fabrication de produits en bois,24750
2009,Saskatchewan,Foresterie et exploitation forestière,335
2009,Saskatchewan,Fabrication du papier,365
2009,Saskatchewan,Activités de soutien à la foresterie,1205
2009,Saskatchewan,Fabrication de produits en bois,1275
2009,Yukon,Foresterie et exploitation forestière,20
2009,Yukon,Fabrication du papier,0
2009,Yukon,Activités de soutien à la foresterie,10
2009,Yukon,Fabrication de produits en bois,25
2009,Territoires du Nord-Ouest,Foresterie et exploitation forestière,0
2009,Territoires du Nord-Ouest,Fabrication du papier,0
2009,Territoires du Nord-Ouest,Activités de soutien à la foresterie,0
2009,Territoires du Nord-Ouest,Fabrication de produits en bois,0
2009,Nunavut,Foresterie et exploitation forestière,0
2009,Nunavut,Fabrication du papier,0
2009,Nunavut,Activités de soutien à la foresterie,0
2009,Nunavut,Fabrication de produits en bois,0
2010,Canada,Foresterie et exploitation forestière,34920
2010,Canada,Fabrication du papier,64585
2010,Canada,Activités de soutien à la foresterie,21110
2010,Canada,Fabrication de produits en bois,91170
2010,Alberta,Foresterie et exploitation forestière,2205
2010,Alberta,Fabrication du papier,2985
2010,Alberta,Activités de soutien à la foresterie,1580
2010,Alberta,Fabrication de produits en bois,9340
2010,Colombie-Britannique,Foresterie et exploitation forestière,11615
2010,Colombie-Britannique,Fabrication du papier,8830
2010,Colombie-Britannique,Activités de soutien à la foresterie,6720
2010,Colombie-Britannique,Fabrication de produits en bois,24420
2010,Manitoba,Foresterie et exploitation forestière,330
2010,Manitoba,Fabrication du papier,1525
2010,Manitoba,Activités de soutien à la foresterie,565
2010,Manitoba,Fabrication de produits en bois,2345
2010,Nouveau-Brunswick,Foresterie et exploitation forestière,3125
2010,Nouveau-Brunswick,Fabrication du papier,3065
2010,Nouveau-Brunswick,Activités de soutien à la foresterie,1020
2010,Nouveau-Brunswick,Fabrication de produits en bois,4295
2010,Terre-Neuve-et-Labrador,Foresterie et exploitation forestière,445
2010,Terre-Neuve-et-Labrador,Fabrication du papier,495
2010,Terre-Neuve-et-Labrador,Activités de soutien à la foresterie,165
2010,Terre-Neuve-et-Labrador,Fabrication de produits en bois,430
2010,Territoires du Nord-Ouest,Foresterie et exploitation forestière,10
2010,Territoires du Nord-Ouest,Fabrication du papier,0
2010,Territoires du Nord-Ouest,Activités de soutien à la foresterie,170
2010,Territoires du Nord-Ouest,Fabrication de produits en bois,0
2010,Nouvelle-Écosse,Foresterie et exploitation forestière,1415
2010,Nouvelle-Écosse,Fabrication du papier,2135
2010,Nouvelle-Écosse,Activités de soutien à la foresterie,655
2010,Nouvelle-Écosse,Fabrication de produits en bois,2905
2010,Ontario,Foresterie et exploitation forestière,4660
2010,Ontario,Fabrication du papier,22510
2010,Ontario,Activités de soutien à la foresterie,3100
2010,Ontario,Fabrication de produits en bois,17845
2010,Île-du-Prince-Édouard,Foresterie et exploitation forestière,40
2010,Île-du-Prince-Édouard,Fabrication du papier,115
2010,Île-du-Prince-Édouard,Activités de soutien à la foresterie,25
2010,Île-du-Prince-Édouard,Fabrication de produits en bois,95
2010,Québec,Foresterie et exploitation forestière,10675
2010,Québec,Fabrication du papier,22605
2010,Québec,Activités de soutien à la foresterie,6015
2010,Québec,Fabrication de produits en bois,28130
2010,Saskatchewan,Foresterie et exploitation forestière,375
2010,Saskatchewan,Fabrication du papier,320
2010,Saskatchewan,Activités de soutien à la foresterie,1085
2010,Saskatchewan,Fabrication de produits en bois,1335
2010,Yukon,Foresterie et exploitation forestière,25
2010,Yukon,Fabrication du papier,0
2010,Yukon,Activités de soutien à la foresterie,10
2010,Yukon,Fabrication de produits en bois,30
2010,Territoires du Nord-Ouest,Foresterie et exploitation forestière,0
2010,Territoires du Nord-Ouest,Fabrication du papier,0
2010,Territoires du Nord-Ouest,Activités de soutien à la foresterie,0
2010,Territoires du Nord-Ouest,Fabrication de produits en bois,0
2010,Nunavut,Foresterie et exploitation forestière,0
2010,Nunavut,Fabrication du papier,0
2010,Nunavut,Activités de soutien à la foresterie,0
2010,Nunavut,Fabrication de produits en bois,0
2011,Canada,Foresterie et exploitation forestière,35630
2011,Canada,Fabrication du papier,61210
2011,Canada,Activités de soutien à la foresterie,21790
2011,Canada,Fabrication de produits en bois,87165
2011,Alberta,Foresterie et exploitation forestière,2590
2011,Alberta,Fabrication du papier,2955
2011,Alberta,Activités de soutien à la foresterie,1515
2011,Alberta,Fabrication de produits en bois,9930
2011,Colombie-Britannique,Foresterie et exploitation forestière,12010
2011,Colombie-Britannique,Fabrication du papier,8335
2011,Colombie-Britannique,Activités de soutien à la foresterie,7305
2011,Colombie-Britannique,Fabrication de produits en bois,24180
2011,Manitoba,Foresterie et exploitation forestière,340
2011,Manitoba,Fabrication du papier,1410
2011,Manitoba,Activités de soutien à la foresterie,495
2011,Manitoba,Fabrication de produits en bois,2405
2011,Nouveau-Brunswick,Foresterie et exploitation forestière,2855
2011,Nouveau-Brunswick,Fabrication du papier,2760
2011,Nouveau-Brunswick,Activités de soutien à la foresterie,895
2011,Nouveau-Brunswick,Fabrication de produits en bois,4270
2011,Terre-Neuve-et-Labrador,Foresterie et exploitation forestière,485
2011,Terre-Neuve-et-Labrador,Fabrication du papier,480
2011,Terre-Neuve-et-Labrador,Activités de soutien à la foresterie,190
2011,Terre-Neuve-et-Labrador,Fabrication de produits en bois,410
2011,Territoires du Nord-Ouest,Foresterie et exploitation forestière,10
2011,Territoires du Nord-Ouest,Fabrication du papier,0
2011,Territoires du Nord-Ouest,Activités de soutien à la foresterie,175
2011,Territoires du Nord-Ouest,Fabrication de produits en bois,10
2011,Nouvelle-Écosse,Foresterie et exploitation forestière,1205
2011,Nouvelle-Écosse,Fabrication du papier,1880
2011,Nouvelle-Écosse,Activités de soutien à la foresterie,585
2011,Nouvelle-Écosse,Fabrication de produits en bois,2030
2011,Ontario,Foresterie et exploitation forestière,5030
2011,Ontario,Fabrication du papier,21750
2011,Ontario,Activités de soutien à la foresterie,3715
2011,Ontario,Fabrication de produits en bois,16225
2011,Île-du-Prince-Édouard,Foresterie et exploitation forestière,50
2011,Île-du-Prince-Édouard,Fabrication du papier,155
2011,Île-du-Prince-Édouard,Activités de soutien à la foresterie,25
2011,Île-du-Prince-Édouard,Fabrication de produits en bois,100
2011,Québec,Foresterie et exploitation forestière,10730
2011,Québec,Fabrication du papier,21220
2011,Québec,Activités de soutien à la foresterie,5885
2011,Québec,Fabrication de produits en bois,26190
2011,Saskatchewan,Foresterie et exploitation forestière,300
2011,Saskatchewan,Fabrication du papier,265
2011,Saskatchewan,Activités de soutien à la foresterie,995
2011,Saskatchewan,Fabrication de produits en bois,1380
2011,Yukon,Foresterie et exploitation forestière,25
2011,Yukon,Fabrication du papier,0
2011,Yukon,Activités de soutien à la foresterie,10
2011,Yukon,Fabrication de produits en bois,35
2011,Territoires du Nord-Ouest,Foresterie et exploitation forestière,0
2011,Territoires du Nord-Ouest,Fabrication du papier,0
2011,Territoires du Nord-Ouest,Activités de soutien à la foresterie,0
2011,Territoires du Nord-Ouest,Fabrication de produits en bois,0
2011,Nunavut,Foresterie et exploitation forestière,0
2011,Nunavut,Fabrication du papier,0
2011,Nunavut,Activités de soutien à la foresterie,0
2011,Nunavut,Fabrication de produits en bois,0
2012,Canada,Foresterie et exploitation forestière,32725
2012,Canada,Fabrication du papier,59140
2012,Canada,Activités de soutien à la foresterie,20690
2012,Canada,Fabrication de produits en bois,89830
2012,Alberta,Foresterie et exploitation forestière,2820
2012,Alberta,Fabrication du papier,2985
2012,Alberta,Activités de soutien à la foresterie,1460
2012,Alberta,Fabrication de produits en bois,10025
2012,Colombie-Britannique,Foresterie et exploitation forestière,12235
2012,Colombie-Britannique,Fabrication du papier,7890
2012,Colombie-Britannique,Activités de soutien à la foresterie,7510
2012,Colombie-Britannique,Fabrication de produits en bois,26660
2012,Manitoba,Foresterie et exploitation forestière,330
2012,Manitoba,Fabrication du papier,1385
2012,Manitoba,Activités de soutien à la foresterie,475
2012,Manitoba,Fabrication de produits en bois,2495
2012,Nouveau-Brunswick,Foresterie et exploitation forestière,2495
2012,Nouveau-Brunswick,Fabrication du papier,2855
2012,Nouveau-Brunswick,Activités de soutien à la foresterie,895
2012,Nouveau-Brunswick,Fabrication de produits en bois,4165
2012,Terre-Neuve-et-Labrador,Foresterie et exploitation forestière,380
2012,Terre-Neuve-et-Labrador,Fabrication du papier,395
2012,Terre-Neuve-et-Labrador,Activités de soutien à la foresterie,180
2012,Terre-Neuve-et-Labrador,Fabrication de produits en bois,420
2012,Territoires du Nord-Ouest,Foresterie et exploitation forestière,10
2012,Territoires du Nord-Ouest,Fabrication du papier,0
2012,Territoires du Nord-Ouest,Activités de soutien à la foresterie,165
2012,Territoires du Nord-Ouest,Fabrication de produits en bois,10
2012,Nouvelle-Écosse,Foresterie et exploitation forestière,980
2012,Nouvelle-Écosse,Fabrication du papier,1085
2012,Nouvelle-Écosse,Activités de soutien à la foresterie,450
2012,Nouvelle-Écosse,Fabrication de produits en bois,1900
2012,Ontario,Foresterie et exploitation forestière,4375
2012,Ontario,Fabrication du papier,21750
2012,Ontario,Activités de soutien à la foresterie,3385
2012,Ontario,Fabrication de produits en bois,16400
2012,Île-du-Prince-Édouard,Foresterie et exploitation forestière,45
2012,Île-du-Prince-Édouard,Fabrication du papier,195
2012,Île-du-Prince-Édouard,Activités de soutien à la foresterie,30
2012,Île-du-Prince-Édouard,Fabrication de produits en bois,105
2012,Québec,Foresterie et exploitation forestière,8700
2012,Québec,Fabrication du papier,20335
2012,Québec,Activités de soutien à la foresterie,5215
2012,Québec,Fabrication de produits en bois,26115
2012,Saskatchewan,Foresterie et exploitation forestière,330
2012,Saskatchewan,Fabrication du papier,265
2012,Saskatchewan,Activités de soutien à la foresterie,910
2012,Saskatchewan,Fabrication de produits en bois,1490
2012,Yukon,Foresterie et exploitation forestière,25
2012,Yukon,Fabrication du papier,0
2012,Yukon,Activités de soutien à la foresterie,15
2012,Yukon,Fabrication de produits en bois,45
2012,Territoires du Nord-Ouest,Foresterie et exploitation forestière,0
2012,Territoires du Nord-Ouest,Fabrication du papier,0
2012,Territoires du Nord-Ouest,Activités de soutien à la foresterie,0
2012,Territoires du Nord-Ouest,Fabrication de produits en bois,0
2012,Nunavut,Foresterie et exploitation forestière,0
2012,Nunavut,Fabrication du papier,0
2012,Nunavut,Activités de soutien à la foresterie,0
2012,Nunavut,Fabrication de produits en bois,0
2013,Canada,Foresterie et exploitation forestière,33220
2013,Canada,Fabrication du papier,59175
2013,Canada,Activités de soutien à la foresterie,20910
2013,Canada,Fabrication de produits en bois,92955
2013,Alberta,Foresterie et exploitation forestière,2630
2013,Alberta,Fabrication du papier,3230
2013,Alberta,Activités de soutien à la foresterie,1450
2013,Alberta,Fabrication de produits en bois,10115
2013,Colombie-Britannique,Foresterie et exploitation forestière,12395
2013,Colombie-Britannique,Fabrication du papier,8275
2013,Colombie-Britannique,Activités de soutien à la foresterie,7500
2013,Colombie-Britannique,Fabrication de produits en bois,27315
2013,Manitoba,Foresterie et exploitation forestière,325
2013,Manitoba,Fabrication du papier,1120
2013,Manitoba,Activités de soutien à la foresterie,485
2013,Manitoba,Fabrication de produits en bois,2575
2013,Nouveau-Brunswick,Foresterie et exploitation forestière,2680
2013,Nouveau-Brunswick,Fabrication du papier,3075
2013,Nouveau-Brunswick,Activités de soutien à la foresterie,1010
2013,Nouveau-Brunswick,Fabrication de produits en bois,4195
2013,Terre-Neuve-et-Labrador,Foresterie et exploitation forestière,360
2013,Terre-Neuve-et-Labrador,Fabrication du papier,255
2013,Terre-Neuve-et-Labrador,Activités de soutien à la foresterie,155
2013,Terre-Neuve-et-Labrador,Fabrication de produits en bois,375
2013,Territoires du Nord-Ouest,Foresterie et exploitation forestière,10
2013,Territoires du Nord-Ouest,Fabrication du papier,0
2013,Territoires du Nord-Ouest,Activités de soutien à la foresterie,140
2013,Territoires du Nord-Ouest,Fabrication de produits en bois,5
2013,Nouvelle-Écosse,Foresterie et exploitation forestière,1005
2013,Nouvelle-Écosse,Fabrication du papier,930
2013,Nouvelle-Écosse,Activités de soutien à la foresterie,480
2013,Nouvelle-Écosse,Fabrication de produits en bois,1915
2013,Ontario,Foresterie et exploitation forestière,4350
2013,Ontario,Fabrication du papier,21705
2013,Ontario,Activités de soutien à la foresterie,3345
2013,Ontario,Fabrication de produits en bois,17185
2013,Île-du-Prince-Édouard,Foresterie et exploitation forestière,50
2013,Île-du-Prince-Édouard,Fabrication du papier,205
2013,Île-du-Prince-Édouard,Activités de soutien à la foresterie,35
2013,Île-du-Prince-Édouard,Fabrication de produits en bois,115
2013,Québec,Foresterie et exploitation forestière,9050
2013,Québec,Fabrication du papier,20150
2013,Québec,Activités de soutien à la foresterie,5420
2013,Québec,Fabrication de produits en bois,27375
2013,Saskatchewan,Foresterie et exploitation forestière,335
2013,Saskatchewan,Fabrication du papier,230
2013,Saskatchewan,Activités de soutien à la foresterie,880
2013,Saskatchewan,Fabrication de produits en bois,1760
2013,Yukon,Foresterie et exploitation forestière,30
2013,Yukon,Fabrication du papier,0
2013,Yukon,Activités de soutien à la foresterie,10
2013,Yukon,Fabrication de produits en bois,25
2013,Territoires du Nord-Ouest,Foresterie et exploitation forestière,0
2013,Territoires du Nord-Ouest,Fabrication du papier,0
2013,Territoires du Nord-Ouest,Activités de soutien à la foresterie,0
2013,Territoires du Nord-Ouest,Fabrication de produits en bois,0
2013,Nunavut,Foresterie et exploitation forestière,0
2013,Nunavut,Fabrication du papier,0
2013,Nunavut,Activités de soutien à la foresterie,0
2013,Nunavut,Fabrication de produits en bois,0
2014,Canada,Foresterie et exploitation forestière,32015
2014,Canada,Fabrication du papier,58380
2014,Canada,Activités de soutien à la foresterie,21190
2014,Canada,Fabrication de produits en bois,92815
2014,Alberta,Foresterie et exploitation forestière,2445
2014,Alberta,Fabrication du papier,3435
2014,Alberta,Activités de soutien à la foresterie,1565
2014,Alberta,Fabrication de produits en bois,9775
2014,Colombie-Britannique,Foresterie et exploitation forestière,13025
2014,Colombie-Britannique,Fabrication du papier,7385
2014,Colombie-Britannique,Activités de soutien à la foresterie,7495
2014,Colombie-Britannique,Fabrication de produits en bois,27715
2014,Manitoba,Foresterie et exploitation forestière,310
2014,Manitoba,Fabrication du papier,1220
2014,Manitoba,Activités de soutien à la foresterie,520
2014,Manitoba,Fabrication de produits en bois,2430
2014,Nouveau-Brunswick,Foresterie et exploitation forestière,2735
2014,Nouveau-Brunswick,Fabrication du papier,3315
2014,Nouveau-Brunswick,Activités de soutien à la foresterie,965
2014,Nouveau-Brunswick,Fabrication de produits en bois,5055
2014,Terre-Neuve-et-Labrador,Foresterie et exploitation forestière,430
2014,Terre-Neuve-et-Labrador,Fabrication du papier,320
2014,Terre-Neuve-et-Labrador,Activités de soutien à la foresterie,140
2014,Terre-Neuve-et-Labrador,Fabrication de produits en bois,345
2014,Territoires du Nord-Ouest,Foresterie et exploitation forestière,5
2014,Territoires du Nord-Ouest,Fabrication du papier,0
2014,Territoires du Nord-Ouest,Activités de soutien à la foresterie,145
2014,Territoires du Nord-Ouest,Fabrication de produits en bois,15
2014,Nouvelle-Écosse,Foresterie et exploitation forestière,1015
2014,Nouvelle-Écosse,Fabrication du papier,1105
2014,Nouvelle-Écosse,Activités de soutien à la foresterie,455
2014,Nouvelle-Écosse,Fabrication de produits en bois,1950
2014,Ontario,Foresterie et exploitation forestière,3840
2014,Ontario,Fabrication du papier,19935
2014,Ontario,Activités de soutien à la foresterie,3425
2014,Ontario,Fabrication de produits en bois,17005
2014,Île-du-Prince-Édouard,Foresterie et exploitation forestière,50
2014,Île-du-Prince-Édouard,Fabrication du papier,265
2014,Île-du-Prince-Édouard,Activités de soutien à la foresterie,40
2014,Île-du-Prince-Édouard,Fabrication de produits en bois,135
2014,Québec,Foresterie et exploitation forestière,7730
2014,Québec,Fabrication du papier,21165
2014,Québec,Activités de soutien à la foresterie,5510
2014,Québec,Fabrication de produits en bois,26715
2014,Saskatchewan,Foresterie et exploitation forestière,405
2014,Saskatchewan,Fabrication du papier,235
2014,Saskatchewan,Activités de soutien à la foresterie,920
2014,Saskatchewan,Fabrication de produits en bois,1640
2014,Yukon,Foresterie et exploitation forestière,25
2014,Yukon,Fabrication du papier,0
2014,Yukon,Activités de soutien à la foresterie,10
2014,Yukon,Fabrication de produits en bois,35
2014,Territoires du Nord-Ouest,Foresterie et exploitation forestière,0
2014,Territoires du Nord-Ouest,Fabrication du papier,0
2014,Territoires du Nord-Ouest,Activités de soutien à la foresterie,0
2014,Territoires du Nord-Ouest,Fabrication de produits en bois,0
2014,Nunavut,Foresterie et exploitation forestière,0
2014,Nunavut,Fabrication du papier,0
2014,Nunavut,Activités de soutien à la foresterie,0
2014,Nunavut,Fabrication de produits en bois,0
2015,Canada,Foresterie et exploitation forestière,32445
2015,Canada,Fabrication du papier,58020
2015,Canada,Activités de soutien à la foresterie,21185
2015,Canada,Fabrication de produits en bois,94540
2015,Alberta,Foresterie et exploitation forestière,2690
2015,Alberta,Fabrication du papier,3330
2015,Alberta,Activités de soutien à la foresterie,1620
2015,Alberta,Fabrication de produits en bois,9515
2015,Colombie-Britannique,Foresterie et exploitation forestière,12460
2015,Colombie-Britannique,Fabrication du papier,7080
2015,Colombie-Britannique,Activités de soutien à la foresterie,7715
2015,Colombie-Britannique,Fabrication de produits en bois,27785
2015,Manitoba,Foresterie et exploitation forestière,285
2015,Manitoba,Fabrication du papier,1235
2015,Manitoba,Activités de soutien à la foresterie,505
2015,Manitoba,Fabrication de produits en bois,2285
2015,Nouveau-Brunswick,Foresterie et exploitation forestière,2765
2015,Nouveau-Brunswick,Fabrication du papier,3160
2015,Nouveau-Brunswick,Activités de soutien à la foresterie,970
2015,Nouveau-Brunswick,Fabrication de produits en bois,5255
2015,Terre-Neuve-et-Labrador,Foresterie et exploitation forestière,475
2015,Terre-Neuve-et-Labrador,Fabrication du papier,350
2015,Terre-Neuve-et-Labrador,Activités de soutien à la foresterie,135
2015,Terre-Neuve-et-Labrador,Fabrication de produits en bois,355
2015,Territoires du Nord-Ouest,Foresterie et exploitation forestière,5
2015,Territoires du Nord-Ouest,Fabrication du papier,0
2015,Territoires du Nord-Ouest,Activités de soutien à la foresterie,145
2015,Territoires du Nord-Ouest,Fabrication de produits en bois,5
2015,Nouvelle-Écosse,Foresterie et exploitation forestière,970
2015,Nouvelle-Écosse,Fabrication du papier,1270
2015,Nouvelle-Écosse,Activités de soutien à la foresterie,490
2015,Nouvelle-Écosse,Fabrication de produits en bois,1820
2015,Ontario,Foresterie et exploitation forestière,4085
2015,Ontario,Fabrication du papier,19425
2015,Ontario,Activités de soutien à la foresterie,3265
2015,Ontario,Fabrication de produits en bois,17195
2015,Île-du-Prince-Édouard,Foresterie et exploitation forestière,55
2015,Île-du-Prince-Édouard,Fabrication du papier,300
2015,Île-du-Prince-Édouard,Activités de soutien à la foresterie,40
2015,Île-du-Prince-Édouard,Fabrication de produits en bois,115
2015,Québec,Foresterie et exploitation forestière,8200
2015,Québec,Fabrication du papier,21600
2015,Québec,Activités de soutien à la foresterie,5385
2015,Québec,Fabrication de produits en bois,28385
2015,Saskatchewan,Foresterie et exploitation forestière,425
2015,Saskatchewan,Fabrication du papier,270
2015,Saskatchewan,Activités de soutien à la foresterie,900
2015,Saskatchewan,Fabrication de produits en bois,1795
2015,Yukon,Foresterie et exploitation forestière,30
2015,Yukon,Fabrication du papier,0
2015,Yukon,Activités de soutien à la foresterie,15
2015,Yukon,Fabrication de produits en bois,30
2015,Territoires du Nord-Ouest,Foresterie et exploitation forestière,0
2015,Territoires du Nord-Ouest,Fabrication du papier,0
2015,Territoires du Nord-Ouest,Activités de soutien à la foresterie,0
2015,Territoires du Nord-Ouest,Fabrication de produits en bois,0
2015,Nunavut,Foresterie et exploitation forestière,0
2015,Nunavut,Fabrication du papier,0
2015,Nunavut,Activités de soutien à la foresterie,0
2015,Nunavut,Fabrication de produits en bois,0
2016,Canada,Foresterie et exploitation forestière,33690
2016,Canada,Fabrication du papier,54480
2016,Canada,Activités de soutien à la foresterie,21915
2016,Canada,Fabrication de produits en bois,100200
2016,Alberta,Foresterie et exploitation forestière,2950
2016,Alberta,Fabrication du papier,3195
2016,Alberta,Activités de soutien à la foresterie,1720
2016,Alberta,Fabrication de produits en bois,10030
2016,Colombie-Britannique,Foresterie et exploitation forestière,13210
2016,Colombie-Britannique,Fabrication du papier,7075
2016,Colombie-Britannique,Activités de soutien à la foresterie,8415
2016,Colombie-Britannique,Fabrication de produits en bois,31240
2016,Manitoba,Foresterie et exploitation forestière,240
2016,Manitoba,Fabrication du papier,1255
2016,Manitoba,Activités de soutien à la foresterie,540
2016,Manitoba,Fabrication de produits en bois,2460
2016,Nouveau-Brunswick,Foresterie et exploitation forestière,2870
2016,Nouveau-Brunswick,Fabrication du papier,3040
2016,Nouveau-Brunswick,Activités de soutien à la foresterie,925
2016,Nouveau-Brunswick,Fabrication de produits en bois,5530
2016,Terre-Neuve-et-Labrador,Foresterie et exploitation forestière,450
2016,Terre-Neuve-et-Labrador,Fabrication du papier,350
2016,Terre-Neuve-et-Labrador,Activités de soutien à la foresterie,130
2016,Terre-Neuve-et-Labrador,Fabrication de produits en bois,420
2016,Territoires du Nord-Ouest,Foresterie et exploitation forestière,5
2016,Territoires du Nord-Ouest,Fabrication du papier,0
2016,Territoires du Nord-Ouest,Activités de soutien à la foresterie,145
2016,Territoires du Nord-Ouest,Fabrication de produits en bois,5
2016,Nouvelle-Écosse,Foresterie et exploitation forestière,915
2016,Nouvelle-Écosse,Fabrication du papier,1230
2016,Nouvelle-Écosse,Activités de soutien à la foresterie,540
2016,Nouvelle-Écosse,Fabrication de produits en bois,1900
2016,Ontario,Foresterie et exploitation forestière,4340
2016,Ontario,Fabrication du papier,18620
2016,Ontario,Activités de soutien à la foresterie,3205
2016,Ontario,Fabrication de produits en bois,17235
2016,Île-du-Prince-Édouard,Foresterie et exploitation forestière,85
2016,Île-du-Prince-Édouard,Fabrication du papier,280
2016,Île-du-Prince-Édouard,Activités de soutien à la foresterie,45
2016,Île-du-Prince-Édouard,Fabrication de produits en bois,140
2016,Québec,Foresterie et exploitation forestière,8155
2016,Québec,Fabrication du papier,19155
2016,Québec,Activités de soutien à la foresterie,5330
2016,Québec,Fabrication de produits en bois,29435
2016,Saskatchewan,Foresterie et exploitation forestière,435
2016,Saskatchewan,Fabrication du papier,280
2016,Saskatchewan,Activités de soutien à la foresterie,905
2016,Saskatchewan,Fabrication de produits en bois,1800
2016,Yukon,Foresterie et exploitation forestière,35
2016,Yukon,Fabrication du papier,0
2016,Yukon,Activités de soutien à la foresterie,15
2016,Yukon,Fabrication de produits en bois,5
2016,Territoires du Nord-Ouest,Foresterie et exploitation forestière,0
2016,Territoires du Nord-Ouest,Fabrication du papier,0
2016,Territoires du Nord-Ouest,Activités de soutien à la foresterie,0
2016,Territoires du Nord-Ouest,Fabrication de produits en bois,0
2016,Nunavut,Foresterie et exploitation forestière,0
2016,Nunavut,Fabrication du papier,0
2016,Nunavut,Activités de soutien à la foresterie,0
2016,Nunavut,Fabrication de produits en bois,0
2017,Canada,Foresterie et exploitation forestière,32995
2017,Canada,Fabrication du papier,56820
2017,Canada,Activités de soutien à la foresterie,22150
2017,Canada,Fabrication de produits en bois,103855
2017,Alberta,Foresterie et exploitation forestière,3030
2017,Alberta,Fabrication du papier,2775
2017,Alberta,Activités de soutien à la foresterie,1720
2017,Alberta,Fabrication de produits en bois,9225
2017,Colombie-Britannique,Foresterie et exploitation forestière,12945
2017,Colombie-Britannique,Fabrication du papier,7430
2017,Colombie-Britannique,Activités de soutien à la foresterie,8365
2017,Colombie-Britannique,Fabrication de produits en bois,33155
2017,Manitoba,Foresterie et exploitation forestière,265
2017,Manitoba,Fabrication du papier,1285
2017,Manitoba,Activités de soutien à la foresterie,485
2017,Manitoba,Fabrication de produits en bois,2415
2017,Nouveau-Brunswick,Foresterie et exploitation forestière,2775
2017,Nouveau-Brunswick,Fabrication du papier,3220
2017,Nouveau-Brunswick,Activités de soutien à la foresterie,960
2017,Nouveau-Brunswick,Fabrication de produits en bois,5685
2017,Terre-Neuve-et-Labrador,Foresterie et exploitation forestière,315
2017,Terre-Neuve-et-Labrador,Fabrication du papier,365
2017,Terre-Neuve-et-Labrador,Activités de soutien à la foresterie,135
2017,Terre-Neuve-et-Labrador,Fabrication de produits en bois,390
2017,Territoires du Nord-Ouest,Foresterie et exploitation forestière,5
2017,Territoires du Nord-Ouest,Fabrication du papier,0
2017,Territoires du Nord-Ouest,Activités de soutien à la foresterie,165
2017,Territoires du Nord-Ouest,Fabrication de produits en bois,5
2017,Nouvelle-Écosse,Foresterie et exploitation forestière,800
2017,Nouvelle-Écosse,Fabrication du papier,1250
2017,Nouvelle-Écosse,Activités de soutien à la foresterie,535
2017,Nouvelle-Écosse,Fabrication de produits en bois,1870
2017,Ontario,Foresterie et exploitation forestière,4270
2017,Ontario,Fabrication du papier,19605
2017,Ontario,Activités de soutien à la foresterie,3050
2017,Ontario,Fabrication de produits en bois,18185
2017,Île-du-Prince-Édouard,Foresterie et exploitation forestière,75
2017,Île-du-Prince-Édouard,Fabrication du papier,320
2017,Île-du-Prince-Édouard,Activités de soutien à la foresterie,40
2017,Île-du-Prince-Édouard,Fabrication de produits en bois,155
2017,Québec,Foresterie et exploitation forestière,8090
2017,Québec,Fabrication du papier,20270
2017,Québec,Activités de soutien à la foresterie,5765
2017,Québec,Fabrication de produits en bois,30925
2017,Saskatchewan,Foresterie et exploitation forestière,395
2017,Saskatchewan,Fabrication du papier,300
2017,Saskatchewan,Activités de soutien à la foresterie,905
2017,Saskatchewan,Fabrication de produits en bois,1840
2017,Yukon,Foresterie et exploitation forestière,30
2017,Yukon,Fabrication du papier,0
2017,Yukon,Activités de soutien à la foresterie,25
2017,Yukon,Fabrication de produits en bois,5
2017,Territoires du Nord-Ouest,Foresterie et exploitation forestière,0
2017,Territoires du Nord-Ouest,Fabrication du papier,0
2017,Territoires du Nord-Ouest,Activités de soutien à la foresterie,0
2017,Territoires du Nord-Ouest,Fabrication de produits en bois,0
2017,Nunavut,Foresterie et exploitation forestière,0
2017,Nunavut,Fabrication du papier,0
2017,Nunavut,Activités de soutien à la foresterie,0
2017,Nunavut,Fabrication de produits en bois,0
2018,Canada,Foresterie et exploitation forestière,33360
2018,Canada,Fabrication du papier,57045
2018,Canada,Activités de soutien à la foresterie,22485
2018,Canada,Fabrication de produits en bois,101510
2018,Alberta,Foresterie et exploitation forestière,2950
2018,Alberta,Fabrication du papier,2760
2018,Alberta,Activités de soutien à la foresterie,1810
2018,Alberta,Fabrication de produits en bois,9485
2018,Colombie-Britannique,Foresterie et exploitation forestière,13450
2018,Colombie-Britannique,Fabrication du papier,7920
2018,Colombie-Britannique,Activités de soutien à la foresterie,8935
2018,Colombie-Britannique,Fabrication de produits en bois,31765
2018,Manitoba,Foresterie et exploitation forestière,275
2018,Manitoba,Fabrication du papier,1275
2018,Manitoba,Activités de soutien à la foresterie,490
2018,Manitoba,Fabrication de produits en bois,2360
2018,Nouveau-Brunswick,Foresterie et exploitation forestière,2525
2018,Nouveau-Brunswick,Fabrication du papier,3110
2018,Nouveau-Brunswick,Activités de soutien à la foresterie,940
2018,Nouveau-Brunswick,Fabrication de produits en bois,5745
2018,Terre-Neuve-et-Labrador,Foresterie et exploitation forestière,310
2018,Terre-Neuve-et-Labrador,Fabrication du papier,340
2018,Terre-Neuve-et-Labrador,Activités de soutien à la foresterie,145
2018,Terre-Neuve-et-Labrador,Fabrication de produits en bois,405
2018,Territoires du Nord-Ouest,Foresterie et exploitation forestière,5
2018,Territoires du Nord-Ouest,Fabrication du papier,0
2018,Territoires du Nord-Ouest,Activités de soutien à la foresterie,160
2018,Territoires du Nord-Ouest,Fabrication de produits en bois,5
2018,Nouvelle-Écosse,Foresterie et exploitation forestière,805
2018,Nouvelle-Écosse,Fabrication du papier,1240
2018,Nouvelle-Écosse,Activités de soutien à la foresterie,465
2018,Nouvelle-Écosse,Fabrication de produits en bois,1665
2018,Ontario,Foresterie et exploitation forestière,4155
2018,Ontario,Fabrication du papier,19840
2018,Ontario,Activités de soutien à la foresterie,2655
2018,Ontario,Fabrication de produits en bois,17985
2018,Île-du-Prince-Édouard,Foresterie et exploitation forestière,70
2018,Île-du-Prince-Édouard,Fabrication du papier,320
2018,Île-du-Prince-Édouard,Activités de soutien à la foresterie,50
2018,Île-du-Prince-Édouard,Fabrication de produits en bois,160
2018,Québec,Foresterie et exploitation forestière,8420
2018,Québec,Fabrication du papier,19935
2018,Québec,Activités de soutien à la foresterie,5895
2018,Québec,Fabrication de produits en bois,30130
2018,Saskatchewan,Foresterie et exploitation forestière,365
2018,Saskatchewan,Fabrication du papier,305
2018,Saskatchewan,Activités de soutien à la foresterie,915
2018,Saskatchewan,Fabrication de produits en bois,1800
2018,Yukon,Foresterie et exploitation forestière,30
2018,Yukon,Fabrication du papier,0
2018,Yukon,Activités de soutien à la foresterie,25
2018,Yukon,Fabrication de produits en bois,5
2018,Nunavut,Foresterie et exploitation forestière,0
2018,Nunavut,Fabrication du papier,0
2018,Nunavut,Activités de soutien à la foresterie,0
2018,Nunavut,Fabrication de produits en bois,0
2019,Canada,Foresterie et exploitation forestière,31770
2019,Canada,Fabrication du papier,54340
2019,Canada,Activités de soutien à la foresterie,22945
2019,Canada,Fabrication de produits en bois,98130
2019,Alberta,Foresterie et exploitation forestière,2945
2019,Alberta,Fabrication du papier,2310
2019,Alberta,Activités de soutien à la foresterie,1900
2019,Alberta,Fabrication de produits en bois,9295
2019,Colombie-Britannique,Foresterie et exploitation forestière,12620
2019,Colombie-Britannique,Fabrication du papier,7670
2019,Colombie-Britannique,Activités de soutien à la foresterie,9370
2019,Colombie-Britannique,Fabrication de produits en bois,29565
2019,Manitoba,Foresterie et exploitation forestière,265
2019,Manitoba,Fabrication du papier,1355
2019,Manitoba,Activités de soutien à la foresterie,445
2019,Manitoba,Fabrication de produits en bois,2395
2019,Nouveau-Brunswick,Foresterie et exploitation forestière,2465
2019,Nouveau-Brunswick,Fabrication du papier,3065
2019,Nouveau-Brunswick,Activités de soutien à la foresterie,895
2019,Nouveau-Brunswick,Fabrication de produits en bois,5475
2019,Terre-Neuve-et-Labrador,Foresterie et exploitation forestière,255
2019,Terre-Neuve-et-Labrador,Fabrication du papier,335
2019,Terre-Neuve-et-Labrador,Activités de soutien à la foresterie,150
2019,Terre-Neuve-et-Labrador,Fabrication de produits en bois,375
2019,Territoires du Nord-Ouest,Foresterie et exploitation forestière,10
2019,Territoires du Nord-Ouest,Fabrication du papier,0
2019,Territoires du Nord-Ouest,Activités de soutien à la foresterie,170
2019,Territoires du Nord-Ouest,Fabrication de produits en bois,5
2019,Nouvelle-Écosse,Foresterie et exploitation forestière,790
2019,Nouvelle-Écosse,Fabrication du papier,1230
2019,Nouvelle-Écosse,Activités de soutien à la foresterie,490
2019,Nouvelle-Écosse,Fabrication de produits en bois,1705
2019,Ontario,Foresterie et exploitation forestière,3925
2019,Ontario,Fabrication du papier,18985
2019,Ontario,Activités de soutien à la foresterie,2555
2019,Ontario,Fabrication de produits en bois,17395
2019,Île-du-Prince-Édouard,Foresterie et exploitation forestière,80
2019,Île-du-Prince-Édouard,Fabrication du papier,315
2019,Île-du-Prince-Édouard,Activités de soutien à la foresterie,55
2019,Île-du-Prince-Édouard,Fabrication de produits en bois,160
2019,Québec,Foresterie et exploitation forestière,8015
2019,Québec,Fabrication du papier,18750
2019,Québec,Activités de soutien à la foresterie,5925
2019,Québec,Fabrication de produits en bois,29875
2019,Saskatchewan,Foresterie et exploitation forestière,370
2019,Saskatchewan,Fabrication du papier,325
2019,Saskatchewan,Activités de soutien à la foresterie,945
2019,Saskatchewan,Fabrication de produits en bois,1885
2019,Yukon,Foresterie et exploitation forestière,30
2019,Yukon,Fabrication du papier,0
2019,Yukon,Activités de soutien à la foresterie,45
2019,Yukon,Fabrication de produits en bois,0
2019,Nunavut,Foresterie et exploitation forestière,0
2019,Nunavut,Fabrication du papier,0
2019,Nunavut,Activités de soutien à la foresterie,0
2019,Nunavut,Fabrication de produits en bois,0
2020,Canada,Foresterie et exploitation forestière,28030
2020,Canada,Fabrication du papier,49420
2020,Canada,Activités de soutien à la foresterie,21460
2020,Canada,Fabrication de produits en bois,94305
2020,Alberta,Foresterie et exploitation forestière,3035
2020,Alberta,Fabrication du papier,2315
2020,Alberta,Activités de soutien à la foresterie,1710
2020,Alberta,Fabrication de produits en bois,8950
2020,Colombie-Britannique,Foresterie et exploitation forestière,10385
2020,Colombie-Britannique,Fabrication du papier,6695
2020,Colombie-Britannique,Activités de soutien à la foresterie,8840
2020,Colombie-Britannique,Fabrication de produits en bois,27285
2020,Manitoba,Foresterie et exploitation forestière,250
2020,Manitoba,Fabrication du papier,1435
2020,Manitoba,Activités de soutien à la foresterie,425
2020,Manitoba,Fabrication de produits en bois,2435
2020,Nouveau-Brunswick,Foresterie et exploitation forestière,2585
2020,Nouveau-Brunswick,Fabrication du papier,2910
2020,Nouveau-Brunswick,Activités de soutien à la foresterie,880
2020,Nouveau-Brunswick,Fabrication de produits en bois,5805
2020,Terre-Neuve-et-Labrador,Foresterie et exploitation forestière,245
2020,Terre-Neuve-et-Labrador,Fabrication du papier,305
2020,Terre-Neuve-et-Labrador,Activités de soutien à la foresterie,140
2020,Terre-Neuve-et-Labrador,Fabrication de produits en bois,360
2020,Territoires du Nord-Ouest,Foresterie et exploitation forestière,10
2020,Territoires du Nord-Ouest,Fabrication du papier,0
2020,Territoires du Nord-Ouest,Activités de soutien à la foresterie,170
2020,Territoires du Nord-Ouest,Fabrication de produits en bois,5
2020,Nouvelle-Écosse,Foresterie et exploitation forestière,655
2020,Nouvelle-Écosse,Fabrication du papier,875
2020,Nouvelle-Écosse,Activités de soutien à la foresterie,495
2020,Nouvelle-Écosse,Fabrication de produits en bois,1630
2020,Ontario,Foresterie et exploitation forestière,3590
2020,Ontario,Fabrication du papier,17915
2020,Ontario,Activités de soutien à la foresterie,2340
2020,Ontario,Fabrication de produits en bois,17295
2020,Île-du-Prince-Édouard,Foresterie et exploitation forestière,75
2020,Île-du-Prince-Édouard,Fabrication du papier,325
2020,Île-du-Prince-Édouard,Activités de soutien à la foresterie,40
2020,Île-du-Prince-Édouard,Fabrication de produits en bois,145
2020,Québec,Foresterie et exploitation forestière,6800
2020,Québec,Fabrication du papier,16405
2020,Québec,Activités de soutien à la foresterie,5455
2020,Québec,Fabrication de produits en bois,28075
2020,Saskatchewan,Foresterie et exploitation forestière,370
2020,Saskatchewan,Fabrication du papier,240
2020,Saskatchewan,Activités de soutien à la foresterie,930
2020,Saskatchewan,Fabrication de produits en bois,2310
2020,Yukon,Foresterie et exploitation forestière,30
2020,Yukon,Fabrication du papier,0
2020,Yukon,Activités de soutien à la foresterie,35
2020,Yukon,Fabrication de produits en bois,10
2020,Nunavut,Foresterie et exploitation forestière,0
2020,Nunavut,Fabrication du papier,0
2020,Nunavut,Activités de soutien à la foresterie,0
2020,Nunavut,Fabrication de produits en bois,0
2021,Canada,Foresterie et exploitation forestière,30980
2021,Canada,Fabrication du papier,52210
2021,Canada,Activités de soutien à la foresterie,23750
2021,Canada,Fabrication de produits en bois,106360
2021,Alberta,Foresterie et exploitation forestière,3785
2021,Alberta,Fabrication du papier,2870
2021,Alberta,Activités de soutien à la foresterie,1800
2021,Alberta,Fabrication de produits en bois,10115
2021,Colombie-Britannique,Foresterie et exploitation forestière,12375
2021,Colombie-Britannique,Fabrication du papier,7160
2021,Colombie-Britannique,Activités de soutien à la foresterie,10285
2021,Colombie-Britannique,Fabrication de produits en bois,30330
2021,Manitoba,Foresterie et exploitation forestière,325
2021,Manitoba,Fabrication du papier,1650
2021,Manitoba,Activités de soutien à la foresterie,485
2021,Manitoba,Fabrication de produits en bois,2925
2021,Nouveau-Brunswick,Foresterie et exploitation forestière,2305
2021,Nouveau-Brunswick,Fabrication du papier,2915
2021,Nouveau-Brunswick,Activités de soutien à la foresterie,810
2021,Nouveau-Brunswick,Fabrication de produits en bois,5750
2021,Terre-Neuve-et-Labrador,Foresterie et exploitation forestière,165
2021,Terre-Neuve-et-Labrador,Fabrication du papier,285
2021,Terre-Neuve-et-Labrador,Activités de soutien à la foresterie,145
2021,Terre-Neuve-et-Labrador,Fabrication de produits en bois,385
2021,Territoires du Nord-Ouest,Foresterie et exploitation forestière,10
2021,Territoires du Nord-Ouest,Fabrication du papier,0
2021,Territoires du Nord-Ouest,Activités de soutien à la foresterie,175
2021,Territoires du Nord-Ouest,Fabrication de produits en bois,10
2021,Nouvelle-Écosse,Foresterie et exploitation forestière,650
2021,Nouvelle-Écosse,Fabrication du papier,865
2021,Nouvelle-Écosse,Activités de soutien à la foresterie,430
2021,Nouvelle-Écosse,Fabrication de produits en bois,1880
2021,Ontario,Foresterie et exploitation forestière,3525
2021,Ontario,Fabrication du papier,19235
2021,Ontario,Activités de soutien à la foresterie,2795
2021,Ontario,Fabrication de produits en bois,19985
2021,Île-du-Prince-Édouard,Foresterie et exploitation forestière,65
2021,Île-du-Prince-Édouard,Fabrication du papier,320
2021,Île-du-Prince-Édouard,Activités de soutien à la foresterie,50
2021,Île-du-Prince-Édouard,Fabrication de produits en bois,145
2021,Québec,Foresterie et exploitation forestière,7330
2021,Québec,Fabrication du papier,16635
2021,Québec,Activités de soutien à la foresterie,5710
2021,Québec,Fabrication de produits en bois,31240
2021,Saskatchewan,Foresterie et exploitation forestière,425
2021,Saskatchewan,Fabrication du papier,275
2021,Saskatchewan,Activités de soutien à la foresterie,1035
2021,Saskatchewan,Fabrication de produits en bois,3585
2021,Yukon,Foresterie et exploitation forestière,20
2021,Yukon,Fabrication du papier,0
2021,Yukon,Activités de soutien à la foresterie,30
2021,Yukon,Fabrication de produits en bois,10
2021,Nunavut,Foresterie et exploitation forestière,0
2021,Nunavut,Fabrication du papier,0
2021,Nunavut,Activités de soutien à la foresterie,0
2021,Nunavut,Fabrication de produits en bois,0
2022,Canada,Foresterie et exploitation forestière,31110
2022,Canada,Fabrication du papier,52825
2022,Canada,Activités de soutien à la foresterie,21580
2022,Canada,Fabrication de produits en bois,107145
2022,Alberta,Foresterie et exploitation forestière,4115
2022,Alberta,Fabrication du papier,3100
2022,Alberta,Activités de soutien à la foresterie,1745
2022,Alberta,Fabrication de produits en bois,10650
2022,Colombie-Britannique,Foresterie et exploitation forestière,13320
2022,Colombie-Britannique,Fabrication du papier,6620
2022,Colombie-Britannique,Activités de soutien à la foresterie,8895
2022,Colombie-Britannique,Fabrication de produits en bois,27285
2022,Manitoba,Foresterie et exploitation forestière,290
2022,Manitoba,Fabrication du papier,1840
2022,Manitoba,Activités de soutien à la foresterie,430
2022,Manitoba,Fabrication de produits en bois,3170
2022,Nouveau-Brunswick,Foresterie et exploitation forestière,1805
2022,Nouveau-Brunswick,Fabrication du papier,2835
2022,Nouveau-Brunswick,Activités de soutien à la foresterie,705
2022,Nouveau-Brunswick,Fabrication de produits en bois,5935
2022,Terre-Neuve-et-Labrador,Foresterie et exploitation forestière,100
2022,Terre-Neuve-et-Labrador,Fabrication du papier,320
2022,Terre-Neuve-et-Labrador,Activités de soutien à la foresterie,190
2022,Terre-Neuve-et-Labrador,Fabrication de produits en bois,395
2022,Territoires du Nord-Ouest,Foresterie et exploitation forestière,10
2022,Territoires du Nord-Ouest,Fabrication du papier,0
2022,Territoires du Nord-Ouest,Activités de soutien à la foresterie,170
2022,Territoires du Nord-Ouest,Fabrication de produits en bois,15
2022,Nouvelle-Écosse,Foresterie et exploitation forestière,560
2022,Nouvelle-Écosse,Fabrication du papier,820
2022,Nouvelle-Écosse,Activités de soutien à la foresterie,450
2022,Nouvelle-Écosse,Fabrication de produits en bois,1940
2022,Ontario,Foresterie et exploitation forestière,3255
2022,Ontario,Fabrication du papier,20095
2022,Ontario,Activités de soutien à la foresterie,3035
2022,Ontario,Fabrication de produits en bois,21600
2022,Île-du-Prince-Édouard,Foresterie et exploitation forestière,50
2022,Île-du-Prince-Édouard,Fabrication du papier,405
2022,Île-du-Prince-Édouard,Activités de soutien à la foresterie,45
2022,Île-du-Prince-Édouard,Fabrication de produits en bois,160
2022,Québec,Foresterie et exploitation forestière,7240
2022,Québec,Fabrication du papier,16520
2022,Québec,Activités de soutien à la foresterie,4930
2022,Québec,Fabrication de produits en bois,32310
2022,Saskatchewan,Foresterie et exploitation forestière,345
2022,Saskatchewan,Fabrication du papier,270
2022,Saskatchewan,Activités de soutien à la foresterie,955
2022,Saskatchewan,Fabrication de produits en bois,3675
2022,Yukon,Foresterie et exploitation forestière,20
2022,Yukon,Fabrication du papier,0
2022,Yukon,Activités de soutien à la foresterie,30
2022,Yukon,Fabrication de produits en bois,10
2022,Nunavut,Foresterie et exploitation forestière,0
2022,Nunavut,Fabrication du papier,0
2022,Nunavut,Activités de soutien à la foresterie,0
2022,Nunavut,Fabrication de produits en bois,0
