Year,Jurisdiction,Sector,Number of jobs
2010,Canada,Forestry and logging,34595
2010,Canada,Paper manufacturing,64480
2010,Canada,Support activities for forestry,21200
2010,Canada,Wood product manufacturing,91195
2010,Alberta,Forestry and logging,2205
2010,Alberta,Paper manufacturing,2820
2010,Alberta,Support activities for forestry,1710
2010,Alberta,Wood product manufacturing,9345
2010,British Columbia,Forestry and logging,11140
2010,British Columbia,Paper manufacturing,9575
2010,British Columbia,Support activities for forestry,6690
2010,British Columbia,Wood product manufacturing,23605
2010,Manitoba,Forestry and logging,330
2010,Manitoba,Paper manufacturing,1515
2010,Manitoba,Support activities for forestry,565
2010,Manitoba,Wood product manufacturing,2450
2010,New Brunswick,Forestry and logging,3105
2010,New Brunswick,Paper manufacturing,2875
2010,New Brunswick,Support activities for forestry,1015
2010,New Brunswick,Wood product manufacturing,3915
2010,Newfoundland and Labrador,Forestry and logging,445
2010,Newfoundland and Labrador,Paper manufacturing,460
2010,Newfoundland and Labrador,Support activities for forestry,170
2010,Newfoundland and Labrador,Wood product manufacturing,420
2010,Northwest Territories,Forestry and logging,10
2010,Northwest Territories,Paper manufacturing,0
2010,Northwest Territories,Support activities for forestry,165
2010,Northwest Territories,Wood product manufacturing,0
2010,Nova Scotia,Forestry and logging,1395
2010,Nova Scotia,Paper manufacturing,2110
2010,Nova Scotia,Support activities for forestry,650
2010,Nova Scotia,Wood product manufacturing,2860
2010,Nunavut,Forestry and logging,0
2010,Nunavut,Paper manufacturing,0
2010,Nunavut,Support activities for forestry,0
2010,Nunavut,Wood product manufacturing,0
2010,Ontario,Forestry and logging,4650
2010,Ontario,Paper manufacturing,21795
2010,Ontario,Support activities for forestry,3030
2010,Ontario,Wood product manufacturing,17495
2010,Prince Edward Island,Forestry and logging,40
2010,Prince Edward Island,Paper manufacturing,115
2010,Prince Edward Island,Support activities for forestry,25
2010,Prince Edward Island,Wood product manufacturing,95
2010,Quebec,Forestry and logging,10865
2010,Quebec,Paper manufacturing,22910
2010,Quebec,Support activities for forestry,6090
2010,Quebec,Wood product manufacturing,29660
2010,Saskatchewan,Forestry and logging,385
2010,Saskatchewan,Paper manufacturing,305
2010,Saskatchewan,Support activities for forestry,1080
2010,Saskatchewan,Wood product manufacturing,1315
2010,Yukon,Forestry and logging,25
2010,Yukon,Paper manufacturing,0
2010,Yukon,Support activities for forestry,10
2010,Yukon,Wood product manufacturing,35
2011,Canada,Forestry and logging,35800
2011,Canada,Paper manufacturing,60700
2011,Canada,Support activities for forestry,22150
2011,Canada,Wood product manufacturing,87270
2011,Alberta,Forestry and logging,2585
2011,Alberta,Paper manufacturing,2785
2011,Alberta,Support activities for forestry,1620
2011,Alberta,Wood product manufacturing,9865
2011,British Columbia,Forestry and logging,12035
2011,British Columbia,Paper manufacturing,9345
2011,British Columbia,Support activities for forestry,7370
2011,British Columbia,Wood product manufacturing,23385
2011,Manitoba,Forestry and logging,345
2011,Manitoba,Paper manufacturing,1435
2011,Manitoba,Support activities for forestry,495
2011,Manitoba,Wood product manufacturing,2545
2011,New Brunswick,Forestry and logging,2885
2011,New Brunswick,Paper manufacturing,2700
2011,New Brunswick,Support activities for forestry,910
2011,New Brunswick,Wood product manufacturing,4025
2011,Newfoundland and Labrador,Forestry and logging,480
2011,Newfoundland and Labrador,Paper manufacturing,440
2011,Newfoundland and Labrador,Support activities for forestry,195
2011,Newfoundland and Labrador,Wood product manufacturing,410
2011,Northwest Territories,Forestry and logging,10
2011,Northwest Territories,Paper manufacturing,0
2011,Northwest Territories,Support activities for forestry,180
2011,Northwest Territories,Wood product manufacturing,10
2011,Nova Scotia,Forestry and logging,1190
2011,Nova Scotia,Paper manufacturing,1860
2011,Nova Scotia,Support activities for forestry,580
2011,Nova Scotia,Wood product manufacturing,2005
2011,Nunavut,Forestry and logging,0
2011,Nunavut,Paper manufacturing,0
2011,Nunavut,Support activities for forestry,0
2011,Nunavut,Wood product manufacturing,0
2011,Ontario,Forestry and logging,5020
2011,Ontario,Paper manufacturing,20375
2011,Ontario,Support activities for forestry,3845
2011,Ontario,Wood product manufacturing,16090
2011,Prince Edward Island,Forestry and logging,45
2011,Prince Edward Island,Paper manufacturing,155
2011,Prince Edward Island,Support activities for forestry,25
2011,Prince Edward Island,Wood product manufacturing,100
2011,Quebec,Forestry and logging,10875
2011,Quebec,Paper manufacturing,21340
2011,Quebec,Support activities for forestry,5930
2011,Quebec,Wood product manufacturing,27480
2011,Saskatchewan,Forestry and logging,305
2011,Saskatchewan,Paper manufacturing,265
2011,Saskatchewan,Support activities for forestry,990
2011,Saskatchewan,Wood product manufacturing,1310
2011,Yukon,Forestry and logging,25
2011,Yukon,Paper manufacturing,0
2011,Yukon,Support activities for forestry,10
2011,Yukon,Wood product manufacturing,45
2012,Canada,Forestry and logging,32785
2012,Canada,Paper manufacturing,58125
2012,Canada,Support activities for forestry,20860
2012,Canada,Wood product manufacturing,89980
2012,Alberta,Forestry and logging,2815
2012,Alberta,Paper manufacturing,2735
2012,Alberta,Support activities for forestry,1565
2012,Alberta,Wood product manufacturing,10010
2012,British Columbia,Forestry and logging,12270
2012,British Columbia,Paper manufacturing,8785
2012,British Columbia,Support activities for forestry,7435
2012,British Columbia,Wood product manufacturing,25905
2012,Manitoba,Forestry and logging,335
2012,Manitoba,Paper manufacturing,1420
2012,Manitoba,Support activities for forestry,475
2012,Manitoba,Wood product manufacturing,2550
2012,New Brunswick,Forestry and logging,2465
2012,New Brunswick,Paper manufacturing,2810
2012,New Brunswick,Support activities for forestry,885
2012,New Brunswick,Wood product manufacturing,4005
2012,Newfoundland and Labrador,Forestry and logging,375
2012,Newfoundland and Labrador,Paper manufacturing,370
2012,Newfoundland and Labrador,Support activities for forestry,190
2012,Newfoundland and Labrador,Wood product manufacturing,415
2012,Northwest Territories,Forestry and logging,10
2012,Northwest Territories,Paper manufacturing,0
2012,Northwest Territories,Support activities for forestry,165
2012,Northwest Territories,Wood product manufacturing,10
2012,Nova Scotia,Forestry and logging,970
2012,Nova Scotia,Paper manufacturing,1075
2012,Nova Scotia,Support activities for forestry,440
2012,Nova Scotia,Wood product manufacturing,1880
2012,Nunavut,Forestry and logging,0
2012,Nunavut,Paper manufacturing,0
2012,Nunavut,Support activities for forestry,0
2012,Nunavut,Wood product manufacturing,0
2012,Ontario,Forestry and logging,4335
2012,Ontario,Paper manufacturing,20110
2012,Ontario,Support activities for forestry,3510
2012,Ontario,Wood product manufacturing,16270
2012,Prince Edward Island,Forestry and logging,45
2012,Prince Edward Island,Paper manufacturing,190
2012,Prince Edward Island,Support activities for forestry,30
2012,Prince Edward Island,Wood product manufacturing,105
2012,Quebec,Forestry and logging,8805
2012,Quebec,Paper manufacturing,20375
2012,Quebec,Support activities for forestry,5250
2012,Quebec,Wood product manufacturing,27405
2012,Saskatchewan,Forestry and logging,335
2012,Saskatchewan,Paper manufacturing,255
2012,Saskatchewan,Support activities for forestry,900
2012,Saskatchewan,Wood product manufacturing,1375
2012,Yukon,Forestry and logging,25
2012,Yukon,Paper manufacturing,0
2012,Yukon,Support activities for forestry,15
2012,Yukon,Wood product manufacturing,50
2013,Canada,Forestry and logging,33275
2013,Canada,Paper manufacturing,58495
2013,Canada,Support activities for forestry,21140
2013,Canada,Wood product manufacturing,93915
2013,Alberta,Forestry and logging,2620
2013,Alberta,Paper manufacturing,2935
2013,Alberta,Support activities for forestry,1555
2013,Alberta,Wood product manufacturing,10090
2013,British Columbia,Forestry and logging,12405
2013,British Columbia,Paper manufacturing,9145
2013,British Columbia,Support activities for forestry,7545
2013,British Columbia,Wood product manufacturing,26990
2013,Manitoba,Forestry and logging,330
2013,Manitoba,Paper manufacturing,1150
2013,Manitoba,Support activities for forestry,485
2013,Manitoba,Wood product manufacturing,2640
2013,New Brunswick,Forestry and logging,2650
2013,New Brunswick,Paper manufacturing,3000
2013,New Brunswick,Support activities for forestry,1000
2013,New Brunswick,Wood product manufacturing,4030
2013,Newfoundland and Labrador,Forestry and logging,360
2013,Newfoundland and Labrador,Paper manufacturing,245
2013,Newfoundland and Labrador,Support activities for forestry,170
2013,Newfoundland and Labrador,Wood product manufacturing,375
2013,Northwest Territories,Forestry and logging,10
2013,Northwest Territories,Paper manufacturing,0
2013,Northwest Territories,Support activities for forestry,140
2013,Northwest Territories,Wood product manufacturing,5
2013,Nova Scotia,Forestry and logging,995
2013,Nova Scotia,Paper manufacturing,920
2013,Nova Scotia,Support activities for forestry,475
2013,Nova Scotia,Wood product manufacturing,1885
2013,Nunavut,Forestry and logging,0
2013,Nunavut,Paper manufacturing,0
2013,Nunavut,Support activities for forestry,0
2013,Nunavut,Wood product manufacturing,0
2013,Ontario,Forestry and logging,4335
2013,Ontario,Paper manufacturing,20415
2013,Ontario,Support activities for forestry,3405
2013,Ontario,Wood product manufacturing,17260
2013,Prince Edward Island,Forestry and logging,50
2013,Prince Edward Island,Paper manufacturing,200
2013,Prince Edward Island,Support activities for forestry,35
2013,Prince Edward Island,Wood product manufacturing,110
2013,Quebec,Forestry and logging,9150
2013,Quebec,Paper manufacturing,20260
2013,Quebec,Support activities for forestry,5460
2013,Quebec,Wood product manufacturing,28870
2013,Saskatchewan,Forestry and logging,340
2013,Saskatchewan,Paper manufacturing,225
2013,Saskatchewan,Support activities for forestry,860
2013,Saskatchewan,Wood product manufacturing,1630
2013,Yukon,Forestry and logging,30
2013,Yukon,Paper manufacturing,0
2013,Yukon,Support activities for forestry,10
2013,Yukon,Wood product manufacturing,30
2014,Canada,Forestry and logging,32085
2014,Canada,Paper manufacturing,57480
2014,Canada,Support activities for forestry,21220
2014,Canada,Wood product manufacturing,92660
2014,Alberta,Forestry and logging,2440
2014,Alberta,Paper manufacturing,2980
2014,Alberta,Support activities for forestry,1665
2014,Alberta,Wood product manufacturing,9740
2014,British Columbia,Forestry and logging,13020
2014,British Columbia,Paper manufacturing,8145
2014,British Columbia,Support activities for forestry,7540
2014,British Columbia,Wood product manufacturing,26385
2014,Manitoba,Forestry and logging,315
2014,Manitoba,Paper manufacturing,1245
2014,Manitoba,Support activities for forestry,520
2014,Manitoba,Wood product manufacturing,2480
2014,New Brunswick,Forestry and logging,2715
2014,New Brunswick,Paper manufacturing,3205
2014,New Brunswick,Support activities for forestry,955
2014,New Brunswick,Wood product manufacturing,5005
2014,Newfoundland and Labrador,Forestry and logging,410
2014,Newfoundland and Labrador,Paper manufacturing,305
2014,Newfoundland and Labrador,Support activities for forestry,160
2014,Newfoundland and Labrador,Wood product manufacturing,360
2014,Northwest Territories,Forestry and logging,5
2014,Northwest Territories,Paper manufacturing,0
2014,Northwest Territories,Support activities for forestry,150
2014,Northwest Territories,Wood product manufacturing,15
2014,Nova Scotia,Forestry and logging,1005
2014,Nova Scotia,Paper manufacturing,1095
2014,Nova Scotia,Support activities for forestry,455
2014,Nova Scotia,Wood product manufacturing,1940
2014,Nunavut,Forestry and logging,0
2014,Nunavut,Paper manufacturing,0
2014,Nunavut,Support activities for forestry,0
2014,Nunavut,Wood product manufacturing,0
2014,Ontario,Forestry and logging,3865
2014,Ontario,Paper manufacturing,18805
2014,Ontario,Support activities for forestry,3255
2014,Ontario,Wood product manufacturing,16880
2014,Prince Edward Island,Forestry and logging,50
2014,Prince Edward Island,Paper manufacturing,260
2014,Prince Edward Island,Support activities for forestry,45
2014,Prince Edward Island,Wood product manufacturing,130
2014,Quebec,Forestry and logging,7825
2014,Quebec,Paper manufacturing,21200
2014,Quebec,Support activities for forestry,5555
2014,Quebec,Wood product manufacturing,28225
2014,Saskatchewan,Forestry and logging,410
2014,Saskatchewan,Paper manufacturing,240
2014,Saskatchewan,Support activities for forestry,910
2014,Saskatchewan,Wood product manufacturing,1460
2014,Yukon,Forestry and logging,25
2014,Yukon,Paper manufacturing,0
2014,Yukon,Support activities for forestry,10
2014,Yukon,Wood product manufacturing,40
2015,Canada,Forestry and logging,32495
2015,Canada,Paper manufacturing,57045
2015,Canada,Support activities for forestry,21420
2015,Canada,Wood product manufacturing,94060
2015,Alberta,Forestry and logging,2670
2015,Alberta,Paper manufacturing,3020
2015,Alberta,Support activities for forestry,1715
2015,Alberta,Wood product manufacturing,9455
2015,British Columbia,Forestry and logging,12475
2015,British Columbia,Paper manufacturing,7825
2015,British Columbia,Support activities for forestry,7770
2015,British Columbia,Wood product manufacturing,26080
2015,Manitoba,Forestry and logging,290
2015,Manitoba,Paper manufacturing,1240
2015,Manitoba,Support activities for forestry,505
2015,Manitoba,Wood product manufacturing,2270
2015,New Brunswick,Forestry and logging,2745
2015,New Brunswick,Paper manufacturing,3070
2015,New Brunswick,Support activities for forestry,965
2015,New Brunswick,Wood product manufacturing,5075
2015,Newfoundland and Labrador,Forestry and logging,470
2015,Newfoundland and Labrador,Paper manufacturing,340
2015,Newfoundland and Labrador,Support activities for forestry,155
2015,Newfoundland and Labrador,Wood product manufacturing,355
2015,Northwest Territories,Forestry and logging,5
2015,Northwest Territories,Paper manufacturing,0
2015,Northwest Territories,Support activities for forestry,150
2015,Northwest Territories,Wood product manufacturing,5
2015,Nova Scotia,Forestry and logging,980
2015,Nova Scotia,Paper manufacturing,1230
2015,Nova Scotia,Support activities for forestry,490
2015,Nova Scotia,Wood product manufacturing,1815
2015,Nunavut,Forestry and logging,0
2015,Nunavut,Paper manufacturing,0
2015,Nunavut,Support activities for forestry,0
2015,Nunavut,Wood product manufacturing,0
2015,Ontario,Forestry and logging,4055
2015,Ontario,Paper manufacturing,18355
2015,Ontario,Support activities for forestry,3300
2015,Ontario,Wood product manufacturing,17225
2015,Prince Edward Island,Forestry and logging,55
2015,Prince Edward Island,Paper manufacturing,290
2015,Prince Edward Island,Support activities for forestry,40
2015,Prince Edward Island,Wood product manufacturing,110
2015,Quebec,Forestry and logging,8290
2015,Quebec,Paper manufacturing,21405
2015,Quebec,Support activities for forestry,5425
2015,Quebec,Wood product manufacturing,29955
2015,Saskatchewan,Forestry and logging,430
2015,Saskatchewan,Paper manufacturing,270
2015,Saskatchewan,Support activities for forestry,890
2015,Saskatchewan,Wood product manufacturing,1685
2015,Yukon,Forestry and logging,30
2015,Yukon,Paper manufacturing,0
2015,Yukon,Support activities for forestry,15
2015,Yukon,Wood product manufacturing,30
2016,Canada,Forestry and logging,33765
2016,Canada,Paper manufacturing,54180
2016,Canada,Support activities for forestry,22175
2016,Canada,Wood product manufacturing,99160
2016,Alberta,Forestry and logging,2935
2016,Alberta,Paper manufacturing,3030
2016,Alberta,Support activities for forestry,1815
2016,Alberta,Wood product manufacturing,9975
2016,British Columbia,Forestry and logging,13210
2016,British Columbia,Paper manufacturing,7735
2016,British Columbia,Support activities for forestry,8480
2016,British Columbia,Wood product manufacturing,28535
2016,Manitoba,Forestry and logging,245
2016,Manitoba,Paper manufacturing,1275
2016,Manitoba,Support activities for forestry,535
2016,Manitoba,Wood product manufacturing,2505
2016,New Brunswick,Forestry and logging,2880
2016,New Brunswick,Paper manufacturing,3005
2016,New Brunswick,Support activities for forestry,925
2016,New Brunswick,Wood product manufacturing,5380
2016,Newfoundland and Labrador,Forestry and logging,445
2016,Newfoundland and Labrador,Paper manufacturing,345
2016,Newfoundland and Labrador,Support activities for forestry,150
2016,Newfoundland and Labrador,Wood product manufacturing,420
2016,Northwest Territories,Forestry and logging,5
2016,Northwest Territories,Paper manufacturing,0
2016,Northwest Territories,Support activities for forestry,150
2016,Northwest Territories,Wood product manufacturing,5
2016,Nova Scotia,Forestry and logging,910
2016,Nova Scotia,Paper manufacturing,1210
2016,Nova Scotia,Support activities for forestry,540
2016,Nova Scotia,Wood product manufacturing,1895
2016,Nunavut,Forestry and logging,0
2016,Nunavut,Paper manufacturing,0
2016,Nunavut,Support activities for forestry,0
2016,Nunavut,Wood product manufacturing,0
2016,Ontario,Forestry and logging,4310
2016,Ontario,Paper manufacturing,17755
2016,Ontario,Support activities for forestry,3240
2016,Ontario,Wood product manufacturing,17270
2016,Prince Edward Island,Forestry and logging,80
2016,Prince Edward Island,Paper manufacturing,275
2016,Prince Edward Island,Support activities for forestry,45
2016,Prince Edward Island,Wood product manufacturing,135
2016,Quebec,Forestry and logging,8270
2016,Quebec,Paper manufacturing,19270
2016,Quebec,Support activities for forestry,5380
2016,Quebec,Wood product manufacturing,31290
2016,Saskatchewan,Forestry and logging,440
2016,Saskatchewan,Paper manufacturing,280
2016,Saskatchewan,Support activities for forestry,895
2016,Saskatchewan,Wood product manufacturing,1745
2016,Yukon,Forestry and logging,35
2016,Yukon,Paper manufacturing,0
2016,Yukon,Support activities for forestry,20
2016,Yukon,Wood product manufacturing,5
2017,Canada,Forestry and logging,33015
2017,Canada,Paper manufacturing,57210
2017,Canada,Support activities for forestry,22410
2017,Canada,Wood product manufacturing,102120
2017,Alberta,Forestry and logging,3025
2017,Alberta,Paper manufacturing,2695
2017,Alberta,Support activities for forestry,1820
2017,Alberta,Wood product manufacturing,9185
2017,British Columbia,Forestry and logging,12970
2017,British Columbia,Paper manufacturing,8380
2017,British Columbia,Support activities for forestry,8440
2017,British Columbia,Wood product manufacturing,29400
2017,Manitoba,Forestry and logging,275
2017,Manitoba,Paper manufacturing,1290
2017,Manitoba,Support activities for forestry,485
2017,Manitoba,Wood product manufacturing,2485
2017,New Brunswick,Forestry and logging,2695
2017,New Brunswick,Paper manufacturing,3060
2017,New Brunswick,Support activities for forestry,935
2017,New Brunswick,Wood product manufacturing,5705
2017,Newfoundland and Labrador,Forestry and logging,315
2017,Newfoundland and Labrador,Paper manufacturing,380
2017,Newfoundland and Labrador,Support activities for forestry,150
2017,Newfoundland and Labrador,Wood product manufacturing,375
2017,Northwest Territories,Forestry and logging,5
2017,Northwest Territories,Paper manufacturing,0
2017,Northwest Territories,Support activities for forestry,170
2017,Northwest Territories,Wood product manufacturing,5
2017,Nova Scotia,Forestry and logging,800
2017,Nova Scotia,Paper manufacturing,1235
2017,Nova Scotia,Support activities for forestry,535
2017,Nova Scotia,Wood product manufacturing,1875
2017,Nunavut,Forestry and logging,0
2017,Nunavut,Paper manufacturing,0
2017,Nunavut,Support activities for forestry,0
2017,Nunavut,Wood product manufacturing,0
2017,Ontario,Forestry and logging,4230
2017,Ontario,Paper manufacturing,19150
2017,Ontario,Support activities for forestry,3090
2017,Ontario,Wood product manufacturing,18285
2017,Prince Edward Island,Forestry and logging,75
2017,Prince Edward Island,Paper manufacturing,310
2017,Prince Edward Island,Support activities for forestry,40
2017,Prince Edward Island,Wood product manufacturing,150
2017,Quebec,Forestry and logging,8200
2017,Quebec,Paper manufacturing,20420
2017,Quebec,Support activities for forestry,5825
2017,Quebec,Wood product manufacturing,32890
2017,Saskatchewan,Forestry and logging,395
2017,Saskatchewan,Paper manufacturing,290
2017,Saskatchewan,Support activities for forestry,895
2017,Saskatchewan,Wood product manufacturing,1760
2017,Yukon,Forestry and logging,30
2017,Yukon,Paper manufacturing,0
2017,Yukon,Support activities for forestry,25
2017,Yukon,Wood product manufacturing,5
2018,Canada,Forestry and logging,33495
2018,Canada,Paper manufacturing,56995
2018,Canada,Support activities for forestry,22810
2018,Canada,Wood product manufacturing,100415
2018,Alberta,Forestry and logging,3135
2018,Alberta,Paper manufacturing,2820
2018,Alberta,Support activities for forestry,1815
2018,Alberta,Wood product manufacturing,9360
2018,British Columbia,Forestry and logging,13535
2018,British Columbia,Paper manufacturing,8570
2018,British Columbia,Support activities for forestry,9120
2018,British Columbia,Wood product manufacturing,28875
2018,Manitoba,Forestry and logging,275
2018,Manitoba,Paper manufacturing,1335
2018,Manitoba,Support activities for forestry,490
2018,Manitoba,Wood product manufacturing,2435
2018,New Brunswick,Forestry and logging,2495
2018,New Brunswick,Paper manufacturing,3065
2018,New Brunswick,Support activities for forestry,965
2018,New Brunswick,Wood product manufacturing,5645
2018,Newfoundland and Labrador,Forestry and logging,305
2018,Newfoundland and Labrador,Paper manufacturing,345
2018,Newfoundland and Labrador,Support activities for forestry,155
2018,Newfoundland and Labrador,Wood product manufacturing,410
2018,Northwest Territories,Forestry and logging,5
2018,Northwest Territories,Paper manufacturing,0
2018,Northwest Territories,Support activities for forestry,165
2018,Northwest Territories,Wood product manufacturing,5
2018,Nova Scotia,Forestry and logging,795
2018,Nova Scotia,Paper manufacturing,1220
2018,Nova Scotia,Support activities for forestry,465
2018,Nova Scotia,Wood product manufacturing,1655
2018,Nunavut,Forestry and logging,0
2018,Nunavut,Paper manufacturing,0
2018,Nunavut,Support activities for forestry,0
2018,Nunavut,Wood product manufacturing,0
2018,Ontario,Forestry and logging,3915
2018,Ontario,Paper manufacturing,18775
2018,Ontario,Support activities for forestry,2670
2018,Ontario,Wood product manufacturing,17870
2018,Prince Edward Island,Forestry and logging,70
2018,Prince Edward Island,Paper manufacturing,315
2018,Prince Edward Island,Support activities for forestry,50
2018,Prince Edward Island,Wood product manufacturing,160
2018,Quebec,Forestry and logging,8555
2018,Quebec,Paper manufacturing,20260
2018,Quebec,Support activities for forestry,5980
2018,Quebec,Wood product manufacturing,32205
2018,Saskatchewan,Forestry and logging,380
2018,Saskatchewan,Paper manufacturing,290
2018,Saskatchewan,Support activities for forestry,905
2018,Saskatchewan,Wood product manufacturing,1790
2018,Yukon,Forestry and logging,30
2018,Yukon,Paper manufacturing,0
2018,Yukon,Support activities for forestry,30
2018,Yukon,Wood product manufacturing,5
2019,Canada,Forestry and logging,32045
2019,Canada,Paper manufacturing,54515
2019,Canada,Support activities for forestry,23435
2019,Canada,Wood product manufacturing,98485
2019,Alberta,Forestry and logging,2870
2019,Alberta,Paper manufacturing,2430
2019,Alberta,Support activities for forestry,2030
2019,Alberta,Wood product manufacturing,9220
2019,British Columbia,Forestry and logging,12870
2019,British Columbia,Paper manufacturing,8415
2019,British Columbia,Support activities for forestry,9540
2019,British Columbia,Wood product manufacturing,27535
2019,Manitoba,Forestry and logging,265
2019,Manitoba,Paper manufacturing,1365
2019,Manitoba,Support activities for forestry,445
2019,Manitoba,Wood product manufacturing,2505
2019,New Brunswick,Forestry and logging,2460
2019,New Brunswick,Paper manufacturing,3000
2019,New Brunswick,Support activities for forestry,905
2019,New Brunswick,Wood product manufacturing,5560
2019,Newfoundland and Labrador,Forestry and logging,265
2019,Newfoundland and Labrador,Paper manufacturing,340
2019,Newfoundland and Labrador,Support activities for forestry,155
2019,Newfoundland and Labrador,Wood product manufacturing,385
2019,Northwest Territories,Forestry and logging,10
2019,Northwest Territories,Paper manufacturing,0
2019,Northwest Territories,Support activities for forestry,175
2019,Northwest Territories,Wood product manufacturing,5
2019,Nova Scotia,Forestry and logging,785
2019,Nova Scotia,Paper manufacturing,1225
2019,Nova Scotia,Support activities for forestry,490
2019,Nova Scotia,Wood product manufacturing,1720
2019,Nunavut,Forestry and logging,0
2019,Nunavut,Paper manufacturing,0
2019,Nunavut,Support activities for forestry,0
2019,Nunavut,Wood product manufacturing,0
2019,Ontario,Forestry and logging,3910
2019,Ontario,Paper manufacturing,18265
2019,Ontario,Support activities for forestry,2590
2019,Ontario,Wood product manufacturing,17545
2019,Prince Edward Island,Forestry and logging,75
2019,Prince Edward Island,Paper manufacturing,305
2019,Prince Edward Island,Support activities for forestry,55
2019,Prince Edward Island,Wood product manufacturing,155
2019,Quebec,Forestry and logging,8130
2019,Quebec,Paper manufacturing,18860
2019,Quebec,Support activities for forestry,6060
2019,Quebec,Wood product manufacturing,32030
2019,Saskatchewan,Forestry and logging,375
2019,Saskatchewan,Paper manufacturing,310
2019,Saskatchewan,Support activities for forestry,935
2019,Saskatchewan,Wood product manufacturing,1825
2019,Yukon,Forestry and logging,30
2019,Yukon,Paper manufacturing,0
2019,Yukon,Support activities for forestry,55
2019,Yukon,Wood product manufacturing,0
2020,Canada,Forestry and logging,28125
2020,Canada,Paper manufacturing,48975
2020,Canada,Support activities for forestry,21555
2020,Canada,Wood product manufacturing,87930
2020,Alberta,Forestry and logging,3075
2020,Alberta,Paper manufacturing,2680
2020,Alberta,Support activities for forestry,1640
2020,Alberta,Wood product manufacturing,8735
2020,British Columbia,Forestry and logging,10320
2020,British Columbia,Paper manufacturing,6710
2020,British Columbia,Support activities for forestry,8995
2020,British Columbia,Wood product manufacturing,23130
2020,Manitoba,Forestry and logging,255
2020,Manitoba,Paper manufacturing,1385
2020,Manitoba,Support activities for forestry,425
2020,Manitoba,Wood product manufacturing,2140
2020,New Brunswick,Forestry and logging,2590
2020,New Brunswick,Paper manufacturing,2915
2020,New Brunswick,Support activities for forestry,905
2020,New Brunswick,Wood product manufacturing,5675
2020,Newfoundland and Labrador,Forestry and logging,240
2020,Newfoundland and Labrador,Paper manufacturing,300
2020,Newfoundland and Labrador,Support activities for forestry,140
2020,Newfoundland and Labrador,Wood product manufacturing,375
2020,Northwest Territories,Forestry and logging,10
2020,Northwest Territories,Paper manufacturing,0
2020,Northwest Territories,Support activities for forestry,170
2020,Northwest Territories,Wood product manufacturing,10
2020,Nova Scotia,Forestry and logging,650
2020,Nova Scotia,Paper manufacturing,965
2020,Nova Scotia,Support activities for forestry,485
2020,Nova Scotia,Wood product manufacturing,1620
2020,Nunavut,Forestry and logging,0
2020,Nunavut,Paper manufacturing,0
2020,Nunavut,Support activities for forestry,0
2020,Nunavut,Wood product manufacturing,0
2020,Ontario,Forestry and logging,3525
2020,Ontario,Paper manufacturing,16130
2020,Ontario,Support activities for forestry,2295
2020,Ontario,Wood product manufacturing,16070
2020,Prince Edward Island,Forestry and logging,75
2020,Prince Edward Island,Paper manufacturing,320
2020,Prince Edward Island,Support activities for forestry,40
2020,Prince Edward Island,Wood product manufacturing,160
2020,Quebec,Forestry and logging,6975
2020,Quebec,Paper manufacturing,17300
2020,Quebec,Support activities for forestry,5495
2020,Quebec,Wood product manufacturing,28420
2020,Saskatchewan,Forestry and logging,380
2020,Saskatchewan,Paper manufacturing,270
2020,Saskatchewan,Support activities for forestry,925
2020,Saskatchewan,Wood product manufacturing,1595
2020,Yukon,Forestry and logging,30
2020,Yukon,Paper manufacturing,0
2020,Yukon,Support activities for forestry,40
2020,Yukon,Wood product manufacturing,0
2021,Canada,Forestry and logging,31510
2021,Canada,Paper manufacturing,48215
2021,Canada,Support activities for forestry,23040
2021,Canada,Wood product manufacturing,98400
2021,Alberta,Forestry and logging,3475
2021,Alberta,Paper manufacturing,2800
2021,Alberta,Support activities for forestry,1800
2021,Alberta,Wood product manufacturing,9735
2021,British Columbia,Forestry and logging,12215
2021,British Columbia,Paper manufacturing,6975
2021,British Columbia,Support activities for forestry,9795
2021,British Columbia,Wood product manufacturing,25145
2021,Manitoba,Forestry and logging,270
2021,Manitoba,Paper manufacturing,1425
2021,Manitoba,Support activities for forestry,445
2021,Manitoba,Wood product manufacturing,2480
2021,New Brunswick,Forestry and logging,2675
2021,New Brunswick,Paper manufacturing,3040
2021,New Brunswick,Support activities for forestry,840
2021,New Brunswick,Wood product manufacturing,6350
2021,Newfoundland and Labrador,Forestry and logging,255
2021,Newfoundland and Labrador,Paper manufacturing,315
2021,Newfoundland and Labrador,Support activities for forestry,140
2021,Newfoundland and Labrador,Wood product manufacturing,455
2021,Northwest Territories,Forestry and logging,5
2021,Northwest Territories,Paper manufacturing,0
2021,Northwest Territories,Support activities for forestry,180
2021,Northwest Territories,Wood product manufacturing,15
2021,Nova Scotia,Forestry and logging,665
2021,Nova Scotia,Paper manufacturing,920
2021,Nova Scotia,Support activities for forestry,500
2021,Nova Scotia,Wood product manufacturing,1750
2021,Nunavut,Forestry and logging,0
2021,Nunavut,Paper manufacturing,0
2021,Nunavut,Support activities for forestry,0
2021,Nunavut,Wood product manufacturing,0
2021,Ontario,Forestry and logging,3640
2021,Ontario,Paper manufacturing,14815
2021,Ontario,Support activities for forestry,2535
2021,Ontario,Wood product manufacturing,18665
2021,Prince Edward Island,Forestry and logging,75
2021,Prince Edward Island,Paper manufacturing,320
2021,Prince Edward Island,Support activities for forestry,45
2021,Prince Edward Island,Wood product manufacturing,175
2021,Quebec,Forestry and logging,7780
2021,Quebec,Paper manufacturing,17370
2021,Quebec,Support activities for forestry,5730
2021,Quebec,Wood product manufacturing,31605
2021,Saskatchewan,Forestry and logging,435
2021,Saskatchewan,Paper manufacturing,235
2021,Saskatchewan,Support activities for forestry,985
2021,Saskatchewan,Wood product manufacturing,2010
2021,Yukon,Forestry and logging,20
2021,Yukon,Paper manufacturing,0
2021,Yukon,Support activities for forestry,45
2021,Yukon,Wood product manufacturing,15
2022,Canada,Forestry and logging,31925
2022,Canada,Paper manufacturing,48965
2022,Canada,Support activities for forestry,22945
2022,Canada,Wood product manufacturing,98665
2022,Alberta,Forestry and logging,3500
2022,Alberta,Paper manufacturing,2965
2022,Alberta,Support activities for forestry,1820
2022,Alberta,Wood product manufacturing,10150
2022,British Columbia,Forestry and logging,12215
2022,British Columbia,Paper manufacturing,6940
2022,British Columbia,Support activities for forestry,9500
2022,British Columbia,Wood product manufacturing,23895
2022,Manitoba,Forestry and logging,285
2022,Manitoba,Paper manufacturing,1445
2022,Manitoba,Support activities for forestry,435
2022,Manitoba,Wood product manufacturing,2775
2022,New Brunswick,Forestry and logging,2595
2022,New Brunswick,Paper manufacturing,2900
2022,New Brunswick,Support activities for forestry,820
2022,New Brunswick,Wood product manufacturing,6340
2022,Newfoundland and Labrador,Forestry and logging,260
2022,Newfoundland and Labrador,Paper manufacturing,365
2022,Newfoundland and Labrador,Support activities for forestry,130
2022,Newfoundland and Labrador,Wood product manufacturing,455
2022,Northwest Territories,Forestry and logging,10
2022,Northwest Territories,Paper manufacturing,0
2022,Northwest Territories,Support activities for forestry,180
2022,Northwest Territories,Wood product manufacturing,15
2022,Nova Scotia,Forestry and logging,660
2022,Nova Scotia,Paper manufacturing,1030
2022,Nova Scotia,Support activities for forestry,465
2022,Nova Scotia,Wood product manufacturing,1845
2022,Nunavut,Forestry and logging,0
2022,Nunavut,Paper manufacturing,0
2022,Nunavut,Support activities for forestry,0
2022,Nunavut,Wood product manufacturing,0
2022,Ontario,Forestry and logging,3945
2022,Ontario,Paper manufacturing,14790
2022,Ontario,Support activities for forestry,2735
2022,Ontario,Wood product manufacturing,18575
2022,Prince Edward Island,Forestry and logging,90
2022,Prince Edward Island,Paper manufacturing,345
2022,Prince Edward Island,Support activities for forestry,40
2022,Prince Edward Island,Wood product manufacturing,190
2022,Quebec,Forestry and logging,7900
2022,Quebec,Paper manufacturing,17935
2022,Quebec,Support activities for forestry,5790
2022,Quebec,Wood product manufacturing,32270
2022,Saskatchewan,Forestry and logging,445
2022,Saskatchewan,Paper manufacturing,250
2022,Saskatchewan,Support activities for forestry,990
2022,Saskatchewan,Wood product manufacturing,2145
2022,Yukon,Forestry and logging,20
2022,Yukon,Paper manufacturing,0
2022,Yukon,Support activities for forestry,40
2022,Yukon,Wood product manufacturing,10
2023,Canada,Forestry and logging,30535
2023,Canada,Paper manufacturing,48365
2023,Canada,Support activities for forestry,23820
2023,Canada,Wood product manufacturing,96625
2023,Alberta,Forestry and logging,3330
2023,Alberta,Paper manufacturing,2870
2023,Alberta,Support activities for forestry,1875
2023,Alberta,Wood product manufacturing,9985
2023,British Columbia,Forestry and logging,11010
2023,British Columbia,Paper manufacturing,6095
2023,British Columbia,Support activities for forestry,9855
2023,British Columbia,Wood product manufacturing,22270
2023,Manitoba,Forestry and logging,275
2023,Manitoba,Paper manufacturing,1535
2023,Manitoba,Support activities for forestry,420
2023,Manitoba,Wood product manufacturing,2850
2023,New Brunswick,Forestry and logging,2645
2023,New Brunswick,Paper manufacturing,2935
2023,New Brunswick,Support activities for forestry,820
2023,New Brunswick,Wood product manufacturing,6250
2023,Newfoundland and Labrador,Forestry and logging,250
2023,Newfoundland and Labrador,Paper manufacturing,390
2023,Newfoundland and Labrador,Support activities for forestry,125
2023,Newfoundland and Labrador,Wood product manufacturing,435
2023,Northwest Territories,Forestry and logging,15
2023,Northwest Territories,Paper manufacturing,0
2023,Northwest Territories,Support activities for forestry,175
2023,Northwest Territories,Wood product manufacturing,15
2023,Nova Scotia,Forestry and logging,645
2023,Nova Scotia,Paper manufacturing,1060
2023,Nova Scotia,Support activities for forestry,510
2023,Nova Scotia,Wood product manufacturing,1890
2023,Nunavut,Forestry and logging,0
2023,Nunavut,Paper manufacturing,0
2023,Nunavut,Support activities for forestry,0
2023,Nunavut,Wood product manufacturing,0
2023,Ontario,Forestry and logging,3885
2023,Ontario,Paper manufacturing,14425
2023,Ontario,Support activities for forestry,2840
2023,Ontario,Wood product manufacturing,18080
2023,Prince Edward Island,Forestry and logging,90
2023,Prince Edward Island,Paper manufacturing,330
2023,Prince Edward Island,Support activities for forestry,45
2023,Prince Edward Island,Wood product manufacturing,195
2023,Quebec,Forestry and logging,7915
2023,Quebec,Paper manufacturing,18460
2023,Quebec,Support activities for forestry,6125
2023,Quebec,Wood product manufacturing,32445
2023,Saskatchewan,Forestry and logging,455
2023,Saskatchewan,Paper manufacturing,265
2023,Saskatchewan,Support activities for forestry,990
2023,Saskatchewan,Wood product manufacturing,2200
2023,Yukon,Forestry and logging,20
2023,Yukon,Paper manufacturing,0
2023,Yukon,Support activities for forestry,40
2023,Yukon,Wood product manufacturing,10
