Year,Annee,ISO,Jurisdiction,Juridiction,Cause,Origine,Area,Superficie,Number,Nombre
1990,1990,AB,Alberta,Alberta,Human activity,Activites humaines,2393.8,2393.8,379,379
1990,1990,AB,Alberta,Alberta,Lightning,Foudre,55482.6,55482.6,971,971
1990,1990,AB,Alberta,Alberta,Unspecified,Indeterminee,1008.8,1008.8,16,16
1990,1990,BC,British Columbia,Colombie-Britannique,Human activity,Activites humaines,40278.3,40278.3,1240,1240
1990,1990,BC,British Columbia,Colombie-Britannique,Lightning,Foudre,35503.5,35503.5,2015,2015
1990,1990,MB,Manitoba,Manitoba,Human activity,Activites humaines,5719,5719,283,283
1990,1990,MB,Manitoba,Manitoba,Lightning,Foudre,10426,10426,279,279
1990,1990,NB,New Brunswick,Nouveau-Brunswick,Human activity,Activites humaines,6188.1,6188.1,318,318
1990,1990,NB,New Brunswick,Nouveau-Brunswick,Lightning,Foudre,6.9,6.9,29,29
1990,1990,NB,New Brunswick,Nouveau-Brunswick,Unspecified,Indeterminee,23.4,23.4,30,30
1990,1990,NL,Newfoundland and Labrador,Terre-Neuve-et-Labrador,Human activity,Activites humaines,3825.3,3825.3,154,154
1990,1990,NL,Newfoundland and Labrador,Terre-Neuve-et-Labrador,Lightning,Foudre,20777,20777,11,11
1990,1990,NS,Nova Scotia,Nouvelle-Ecosse,Human activity,Activites humaines,1029.09,1029.09,441,441
1990,1990,NS,Nova Scotia,Nouvelle-Ecosse,Lightning,Foudre,0.2,0.2,8,8
1990,1990,NS,Nova Scotia,Nouvelle-Ecosse,Unspecified,Indeterminee,38.87,38.87,48,48
1990,1990,NT,Northwest Territories,Territoires du Nord-Ouest,Human activity,Activites humaines,11.98,11.98,40,40
1990,1990,NT,Northwest Territories,Territoires du Nord-Ouest,Lightning,Foudre,104605.21,104605.21,194,194
1990,1990,NT,Northwest Territories,Territoires du Nord-Ouest,Unspecified,Indeterminee,0.21,0.21,2,2
1990,1990,ON,Ontario,Ontario,Human activity,Activites humaines,8672.000002,8672.000002,940,940
1990,1990,ON,Ontario,Ontario,Lightning,Foudre,174915.7,174915.7,645,645
1990,1990,ON,Ontario,Ontario,Unspecified,Indeterminee,25.50000011,25.50000011,27,27
1990,1990,PE,Prince Edward Island,Ile-du-Prince-edouard,Human activity,Activites humaines,82,82,30,30
1990,1990,PE,Prince Edward Island,Ile-du-Prince-edouard,Lightning,Foudre,0,0,0,0
1990,1990,PE,Prince Edward Island,Ile-du-Prince-edouard,Unspecified,Indeterminee,20,20,8,8
1990,1990,QC,Quebec,Quebec,Human activity,Activites humaines,18666.5,18666.5,595,595
1990,1990,QC,Quebec,Quebec,Lightning,Foudre,64676.1,64676.1,256,256
1990,1990,SK,Saskatchewan,Saskatchewan,Human activity,Activites humaines,35848.28614,35848.28614,434,434
1990,1990,SK,Saskatchewan,Saskatchewan,Lightning,Foudre,180207.3921,180207.3921,463,463
1990,1990,YT,Yukon,Yukon,Human activity,Activites humaines,1412.99,1412.99,81,81
1990,1990,YT,Yukon,Yukon,Lightning,Foudre,181478.93,181478.93,73,73
1991,1991,AB,Alberta,Alberta,Human activity,Activites humaines,2461,2461,433,433
1991,1991,AB,Alberta,Alberta,Lightning,Foudre,4118.5,4118.5,484,484
1991,1991,AB,Alberta,Alberta,Unspecified,Indeterminee,135,135,27,27
1991,1991,BC,British Columbia,Colombie-Britannique,Human activity,Activites humaines,10923.6,10923.6,1253,1253
1991,1991,BC,British Columbia,Colombie-Britannique,Lightning,Foudre,14265.2,14265.2,761,761
1991,1991,MB,Manitoba,Manitoba,Human activity,Activites humaines,20668.1,20668.1,205,205
1991,1991,MB,Manitoba,Manitoba,Lightning,Foudre,130317.6,130317.6,467,467
1991,1991,NB,New Brunswick,Nouveau-Brunswick,Human activity,Activites humaines,3417.3,3417.3,498,498
1991,1991,NB,New Brunswick,Nouveau-Brunswick,Lightning,Foudre,56.7,56.7,86,86
1991,1991,NB,New Brunswick,Nouveau-Brunswick,Unspecified,Indeterminee,85,85,72,72
1991,1991,NL,Newfoundland and Labrador,Terre-Neuve-et-Labrador,Human activity,Activites humaines,6863.4,6863.4,92,92
1991,1991,NL,Newfoundland and Labrador,Terre-Neuve-et-Labrador,Lightning,Foudre,49526.6,49526.6,23,23
1991,1991,NS,Nova Scotia,Nouvelle-Ecosse,Human activity,Activites humaines,1712.09,1712.09,636,636
1991,1991,NS,Nova Scotia,Nouvelle-Ecosse,Lightning,Foudre,17.98,17.98,40,40
1991,1991,NS,Nova Scotia,Nouvelle-Ecosse,Unspecified,Indeterminee,45.68,45.68,50,50
1991,1991,NT,Northwest Territories,Territoires du Nord-Ouest,Human activity,Activites humaines,46.97,46.97,43,43
1991,1991,NT,Northwest Territories,Territoires du Nord-Ouest,Lightning,Foudre,225401.42,225401.42,283,283
1991,1991,NT,Northwest Territories,Territoires du Nord-Ouest,Unspecified,Indeterminee,18.03,18.03,5,5
1991,1991,ON,Ontario,Ontario,Human activity,Activites humaines,11090.2,11090.2,1265,1265
1991,1991,ON,Ontario,Ontario,Lightning,Foudre,307671.5,307671.5,1259,1259
1991,1991,ON,Ontario,Ontario,Unspecified,Indeterminee,49.40000013,49.40000013,36,36
1991,1991,PE,Prince Edward Island,Ile-du-Prince-edouard,Human activity,Activites humaines,40,40,26,26
1991,1991,PE,Prince Edward Island,Ile-du-Prince-edouard,Lightning,Foudre,0,0,0,0
1991,1991,PE,Prince Edward Island,Ile-du-Prince-edouard,Unspecified,Indeterminee,79,79,22,22
1991,1991,QC,Quebec,Quebec,Human activity,Activites humaines,42503.1,42503.1,737,737
1991,1991,QC,Quebec,Quebec,Lightning,Foudre,395828.3,395828.3,479,479
1991,1991,SK,Saskatchewan,Saskatchewan,Human activity,Activites humaines,33955.16,33955.16,493,493
1991,1991,SK,Saskatchewan,Saskatchewan,Lightning,Foudre,164219.95,164219.95,269,269
1991,1991,YT,Yukon,Yukon,Human activity,Activites humaines,805.14,805.14,62,62
1991,1991,YT,Yukon,Yukon,Lightning,Foudre,119465.68,119465.68,125,125
1992,1992,AB,Alberta,Alberta,Human activity,Activites humaines,2002.2,2002.2,398,398
1992,1992,AB,Alberta,Alberta,Lightning,Foudre,1088.5,1088.5,631,631
1992,1992,AB,Alberta,Alberta,Unspecified,Indeterminee,470.6,470.6,32,32
1992,1992,BC,British Columbia,Colombie-Britannique,Human activity,Activites humaines,15559.9,15559.9,1461,1461
1992,1992,BC,British Columbia,Colombie-Britannique,Lightning,Foudre,14892.9,14892.9,2344,2344
1992,1992,MB,Manitoba,Manitoba,Human activity,Activites humaines,90957.6,90957.6,103,103
1992,1992,MB,Manitoba,Manitoba,Lightning,Foudre,342816.2,342816.2,195,195
1992,1992,NB,New Brunswick,Nouveau-Brunswick,Human activity,Activites humaines,5330.9,5330.9,500,500
1992,1992,NB,New Brunswick,Nouveau-Brunswick,Lightning,Foudre,32.2,32.2,22,22
1992,1992,NB,New Brunswick,Nouveau-Brunswick,Unspecified,Indeterminee,35.8,35.8,54,54
1992,1992,NL,Newfoundland and Labrador,Terre-Neuve-et-Labrador,Human activity,Activites humaines,1435.5,1435.5,99,99
1992,1992,NL,Newfoundland and Labrador,Terre-Neuve-et-Labrador,Lightning,Foudre,374.2,374.2,7,7
1992,1992,NS,Nova Scotia,Nouvelle-Ecosse,Human activity,Activites humaines,1111.11,1111.11,265,265
1992,1992,NS,Nova Scotia,Nouvelle-Ecosse,Lightning,Foudre,0.11,0.11,2,2
1992,1992,NS,Nova Scotia,Nouvelle-Ecosse,Unspecified,Indeterminee,48.39,48.39,29,29
1992,1992,NT,Northwest Territories,Territoires du Nord-Ouest,Human activity,Activites humaines,269.43,269.43,73,73
1992,1992,NT,Northwest Territories,Territoires du Nord-Ouest,Lightning,Foudre,34072.78,34072.78,199,199
1992,1992,NT,Northwest Territories,Territoires du Nord-Ouest,Unspecified,Indeterminee,2607.24,2607.24,13,13
1992,1992,ON,Ontario,Ontario,Human activity,Activites humaines,5372.600002,5372.600002,675,675
1992,1992,ON,Ontario,Ontario,Lightning,Foudre,170595.9,170595.9,262,262
1992,1992,ON,Ontario,Ontario,Unspecified,Indeterminee,25.90000004,25.90000004,23,23
1992,1992,PE,Prince Edward Island,Ile-du-Prince-edouard,Human activity,Activites humaines,41,41,24,24
1992,1992,PE,Prince Edward Island,Ile-du-Prince-edouard,Lightning,Foudre,0,0,0,0
1992,1992,PE,Prince Edward Island,Ile-du-Prince-edouard,Unspecified,Indeterminee,2,2,3,3
1992,1992,QC,Quebec,Quebec,Human activity,Activites humaines,8127.3,8127.3,648,648
1992,1992,QC,Quebec,Quebec,Lightning,Foudre,18984.2,18984.2,117,117
1992,1992,SK,Saskatchewan,Saskatchewan,Human activity,Activites humaines,9635.18,9635.18,471,471
1992,1992,SK,Saskatchewan,Saskatchewan,Lightning,Foudre,88121.21,88121.21,228,228
1992,1992,YT,Yukon,Yukon,Human activity,Activites humaines,5998.23,5998.23,48,48
1992,1992,YT,Yukon,Yukon,Lightning,Foudre,31816.84,31816.84,68,68
1993,1993,AB,Alberta,Alberta,Human activity,Activites humaines,1489.71,1489.71,306,306
1993,1993,AB,Alberta,Alberta,Lightning,Foudre,26170.4,26170.4,547,547
1993,1993,AB,Alberta,Alberta,Unspecified,Indeterminee,32.1,32.1,23,23
1993,1993,BC,British Columbia,Colombie-Britannique,Human activity,Activites humaines,3400.2,3400.2,886,886
1993,1993,BC,British Columbia,Colombie-Britannique,Lightning,Foudre,1783.2,1783.2,611,611
1993,1993,MB,Manitoba,Manitoba,Human activity,Activites humaines,5117.4,5117.4,102,102
1993,1993,MB,Manitoba,Manitoba,Lightning,Foudre,62157,62157,137,137
1993,1993,NB,New Brunswick,Nouveau-Brunswick,Human activity,Activites humaines,417,417,349,349
1993,1993,NB,New Brunswick,Nouveau-Brunswick,Lightning,Foudre,323.2,323.2,31,31
1993,1993,NB,New Brunswick,Nouveau-Brunswick,Unspecified,Indeterminee,38.1,38.1,50,50
1993,1993,NL,Newfoundland and Labrador,Terre-Neuve-et-Labrador,Human activity,Activites humaines,55.4,55.4,53,53
1993,1993,NL,Newfoundland and Labrador,Terre-Neuve-et-Labrador,Lightning,Foudre,28425,28425,12,12
1993,1993,NS,Nova Scotia,Nouvelle-Ecosse,Human activity,Activites humaines,362.78,362.78,288,288
1993,1993,NS,Nova Scotia,Nouvelle-Ecosse,Lightning,Foudre,2.8,2.8,3,3
1993,1993,NS,Nova Scotia,Nouvelle-Ecosse,Unspecified,Indeterminee,2.33,2.33,11,11
1993,1993,NT,Northwest Territories,Territoires du Nord-Ouest,Human activity,Activites humaines,84.47,84.47,67,67
1993,1993,NT,Northwest Territories,Territoires du Nord-Ouest,Lightning,Foudre,856783.73,856783.73,398,398
1993,1993,NT,Northwest Territories,Territoires du Nord-Ouest,Prescribed burn,Brulage dirige,7400,7400,2,2
1993,1993,NT,Northwest Territories,Territoires du Nord-Ouest,Unspecified,Indeterminee,17.63,17.63,6,6
1993,1993,ON,Ontario,Ontario,Human activity,Activites humaines,9016.000001,9016.000001,562,562
1993,1993,ON,Ontario,Ontario,Lightning,Foudre,95608.6,95608.6,163,163
1993,1993,ON,Ontario,Ontario,Unspecified,Indeterminee,40.20000001,40.20000001,17,17
1993,1993,PE,Prince Edward Island,Ile-du-Prince-edouard,Human activity,Activites humaines,78,78,23,23
1993,1993,PE,Prince Edward Island,Ile-du-Prince-edouard,Lightning,Foudre,0,0,0,0
1993,1993,PE,Prince Edward Island,Ile-du-Prince-edouard,Unspecified,Indeterminee,9,9,6,6
1993,1993,QC,Quebec,Quebec,Human activity,Activites humaines,1062.2,1062.2,432,432
1993,1993,QC,Quebec,Quebec,Lightning,Foudre,127171.8,127171.8,111,111
1993,1993,SK,Saskatchewan,Saskatchewan,Human activity,Activites humaines,132315.19,132315.19,462,462
1993,1993,SK,Saskatchewan,Saskatchewan,Lightning,Foudre,475884.65,475884.65,183,183
1993,1993,YT,Yukon,Yukon,Human activity,Activites humaines,56.58,56.58,59,59
1993,1993,YT,Yukon,Yukon,Lightning,Foudre,115047.73,115047.73,77,77
1994,1994,AB,Alberta,Alberta,Human activity,Activites humaines,2484.8,2484.8,361,361
1994,1994,AB,Alberta,Alberta,Lightning,Foudre,94198.58,94198.58,551,551
1994,1994,AB,Alberta,Alberta,Unspecified,Indeterminee,43.35,43.35,19,19
1994,1994,BC,British Columbia,Colombie-Britannique,Human activity,Activites humaines,12017.1,12017.1,1169,1169
1994,1994,BC,British Columbia,Colombie-Britannique,Lightning,Foudre,17738.2,17738.2,2888,2888
1994,1994,MB,Manitoba,Manitoba,Human activity,Activites humaines,471729.6,471729.6,134,134
1994,1994,MB,Manitoba,Manitoba,Lightning,Foudre,957056.1,957056.1,421,421
1994,1994,NB,New Brunswick,Nouveau-Brunswick,Human activity,Activites humaines,752,752,433,433
1994,1994,NB,New Brunswick,Nouveau-Brunswick,Lightning,Foudre,2.9,2.9,15,15
1994,1994,NB,New Brunswick,Nouveau-Brunswick,Unspecified,Indeterminee,98.4,98.4,70,70
1994,1994,NL,Newfoundland and Labrador,Terre-Neuve-et-Labrador,Human activity,Activites humaines,1309.7,1309.7,122,122
1994,1994,NL,Newfoundland and Labrador,Terre-Neuve-et-Labrador,Lightning,Foudre,108964.5,108964.5,7,7
1994,1994,NS,Nova Scotia,Nouvelle-Ecosse,Human activity,Activites humaines,237.23,237.23,244,244
1994,1994,NS,Nova Scotia,Nouvelle-Ecosse,Unspecified,Indeterminee,5.21,5.21,19,19
1994,1994,NT,Northwest Territories,Territoires du Nord-Ouest,Human activity,Activites humaines,10126.82,10126.82,92,92
1994,1994,NT,Northwest Territories,Territoires du Nord-Ouest,Lightning,Foudre,2999302.32,2999302.32,525,525
1994,1994,NT,Northwest Territories,Territoires du Nord-Ouest,Prescribed burn,Brulage dirige,17882,17882,28,28
1994,1994,NT,Northwest Territories,Territoires du Nord-Ouest,Unspecified,Indeterminee,3.41,3.41,8,8
1994,1994,ON,Ontario,Ontario,Human activity,Activites humaines,7455.000002,7455.000002,698,698
1994,1994,ON,Ontario,Ontario,Lightning,Foudre,76020.3,76020.3,351,351
1994,1994,ON,Ontario,Ontario,Unspecified,Indeterminee,129.1000001,129.1000001,30,30
1994,1994,PE,Prince Edward Island,Ile-du-Prince-edouard,Human activity,Activites humaines,16,16,34,34
1994,1994,PE,Prince Edward Island,Ile-du-Prince-edouard,Lightning,Foudre,0,0,0,0
1994,1994,PE,Prince Edward Island,Ile-du-Prince-edouard,Unspecified,Indeterminee,6,6,9,9
1994,1994,QC,Quebec,Quebec,Human activity,Activites humaines,792.9,792.9,381,381
1994,1994,QC,Quebec,Quebec,Lightning,Foudre,115247.4,115247.4,118,118
1994,1994,SK,Saskatchewan,Saskatchewan,Human activity,Activites humaines,3770.36,3770.36,435,435
1994,1994,SK,Saskatchewan,Saskatchewan,Lightning,Foudre,842249.09,842249.09,262,262
1994,1994,YT,Yukon,Yukon,Human activity,Activites humaines,29.37,29.37,70,70
1994,1994,YT,Yukon,Yukon,Lightning,Foudre,421681.02,421681.02,185,185
1995,1995,AB,Alberta,Alberta,Human activity,Activites humaines,7887.02,7887.02,414,414
1995,1995,AB,Alberta,Alberta,Lightning,Foudre,331045.59,331045.59,366,366
1995,1995,AB,Alberta,Alberta,Unspecified,Indeterminee,3046.75,3046.75,28,28
1995,1995,BC,British Columbia,Colombie-Britannique,Human activity,Activites humaines,19714.4,19714.4,1130,1130
1995,1995,BC,British Columbia,Colombie-Britannique,Lightning,Foudre,28365.6,28365.6,344,344
1995,1995,MB,Manitoba,Manitoba,Human activity,Activites humaines,7366.5,7366.5,262,262
1995,1995,MB,Manitoba,Manitoba,Lightning,Foudre,881870.6,881870.6,399,399
1995,1995,MB,Manitoba,Manitoba,Unspecified,Indeterminee,0.1,0.1,1,1
1995,1995,NB,New Brunswick,Nouveau-Brunswick,Human activity,Activites humaines,408.5,408.5,395,395
1995,1995,NB,New Brunswick,Nouveau-Brunswick,Lightning,Foudre,45.9,45.9,81,81
1995,1995,NB,New Brunswick,Nouveau-Brunswick,Unspecified,Indeterminee,115.1,115.1,71,71
1995,1995,NL,Newfoundland and Labrador,Terre-Neuve-et-Labrador,Human activity,Activites humaines,301.1,301.1,84,84
1995,1995,NL,Newfoundland and Labrador,Terre-Neuve-et-Labrador,Lightning,Foudre,400,400,2,2
1995,1995,NS,Nova Scotia,Nouvelle-Ecosse,Human activity,Activites humaines,369.95,369.95,353,353
1995,1995,NS,Nova Scotia,Nouvelle-Ecosse,Lightning,Foudre,0.33,0.33,4,4
1995,1995,NS,Nova Scotia,Nouvelle-Ecosse,Unspecified,Indeterminee,34.23,34.23,50,50
1995,1995,NT,Northwest Territories,Territoires du Nord-Ouest,Human activity,Activites humaines,111783.76,111783.76,67,67
1995,1995,NT,Northwest Territories,Territoires du Nord-Ouest,Lightning,Foudre,2715574.67,2715574.67,139,139
1995,1995,NT,Northwest Territories,Territoires du Nord-Ouest,Prescribed burn,Brulage dirige,15996.9,15996.9,8,8
1995,1995,NT,Northwest Territories,Territoires du Nord-Ouest,Unspecified,Indeterminee,11.11,11.11,4,4
1995,1995,ON,Ontario,Ontario,Human activity,Activites humaines,41933.5,41933.5,985,985
1995,1995,ON,Ontario,Ontario,Lightning,Foudre,570412.5,570412.5,1133,1133
1995,1995,ON,Ontario,Ontario,Unspecified,Indeterminee,216.9000002,216.9000002,32,32
1995,1995,PE,Prince Edward Island,Ile-du-Prince-edouard,Human activity,Activites humaines,16,16,14,14
1995,1995,PE,Prince Edward Island,Ile-du-Prince-edouard,Lightning,Foudre,0,0,0,0
1995,1995,PE,Prince Edward Island,Ile-du-Prince-edouard,Unspecified,Indeterminee,20,20,15,15
1995,1995,QC,Quebec,Quebec,Human activity,Activites humaines,123078.5,123078.5,672,672
1995,1995,QC,Quebec,Quebec,Lightning,Foudre,604648.2,604648.2,593,593
1995,1995,SK,Saskatchewan,Saskatchewan,Human activity,Activites humaines,63833.71,63833.71,295,295
1995,1995,SK,Saskatchewan,Saskatchewan,Lightning,Foudre,1584600.18,1584600.18,355,355
1995,1995,SK,Saskatchewan,Saskatchewan,Unspecified,Indeterminee,375,375,1,1
1995,1995,YT,Yukon,Yukon,Human activity,Activites humaines,389.76,389.76,71,71
1995,1995,YT,Yukon,Yukon,Lightning,Foudre,260989.98,260989.98,76,76
1995,1995,YT,Yukon,Yukon,Unspecified,Indeterminee,502.5,502.5,1,1
1996,1996,AB,Alberta,Alberta,Human activity,Activites humaines,655.24,655.24,143,143
1996,1996,AB,Alberta,Alberta,Lightning,Foudre,14917.46,14917.46,239,239
1996,1996,AB,Alberta,Alberta,Unspecified,Indeterminee,24.39,24.39,16,16
1996,1996,BC,British Columbia,Colombie-Britannique,Human activity,Activites humaines,6579.8,6579.8,633,633
1996,1996,BC,British Columbia,Colombie-Britannique,Lightning,Foudre,14089.3,14089.3,727,727
1996,1996,MB,Manitoba,Manitoba,Human activity,Activites humaines,2882.7,2882.7,187,187
1996,1996,MB,Manitoba,Manitoba,Lightning,Foudre,122443.7,122443.7,237,237
1996,1996,NB,New Brunswick,Nouveau-Brunswick,Human activity,Activites humaines,1027.5,1027.5,239,239
1996,1996,NB,New Brunswick,Nouveau-Brunswick,Lightning,Foudre,908.1,908.1,84,84
1996,1996,NB,New Brunswick,Nouveau-Brunswick,Unspecified,Indeterminee,81.2,81.2,44,44
1996,1996,NL,Newfoundland and Labrador,Terre-Neuve-et-Labrador,Human activity,Activites humaines,3161.1,3161.1,82,82
1996,1996,NL,Newfoundland and Labrador,Terre-Neuve-et-Labrador,Lightning,Foudre,78149.3,78149.3,29,29
1996,1996,NS,Nova Scotia,Nouvelle-Ecosse,Human activity,Activites humaines,601.63,601.63,238,238
1996,1996,NS,Nova Scotia,Nouvelle-Ecosse,Lightning,Foudre,2.27,2.27,4,4
1996,1996,NS,Nova Scotia,Nouvelle-Ecosse,Unspecified,Indeterminee,35.32,35.32,28,28
1996,1996,NT,Northwest Territories,Territoires du Nord-Ouest,Human activity,Activites humaines,84.66,84.66,20,20
1996,1996,NT,Northwest Territories,Territoires du Nord-Ouest,Lightning,Foudre,371460.06,371460.06,330,330
1996,1996,ON,Ontario,Ontario,Human activity,Activites humaines,1849.800001,1849.800001,576,576
1996,1996,ON,Ontario,Ontario,Lightning,Foudre,443461.2,443461.2,669,669
1996,1996,ON,Ontario,Ontario,Unspecified,Indeterminee,3691.1,3691.1,30,30
1996,1996,PE,Prince Edward Island,Ile-du-Prince-edouard,Human activity,Activites humaines,0,0,0,0
1996,1996,PE,Prince Edward Island,Ile-du-Prince-edouard,Lightning,Foudre,0,0,0,0
1996,1996,PE,Prince Edward Island,Ile-du-Prince-edouard,Unspecified,Indeterminee,0,0,0,0
1996,1996,QC,Quebec,Quebec,Human activity,Activites humaines,9575.9,9575.9,499,499
1996,1996,QC,Quebec,Quebec,Lightning,Foudre,682013.7,682013.7,751,751
1996,1996,SK,Saskatchewan,Saskatchewan,Human activity,Activites humaines,732.31,732.31,207,207
1996,1996,SK,Saskatchewan,Saskatchewan,Lightning,Foudre,12254.68,12254.68,218,218
1996,1996,YT,Yukon,Yukon,Human activity,Activites humaines,15040.38,15040.38,66,66
1996,1996,YT,Yukon,Yukon,Lightning,Foudre,76026.75,76026.75,83,83
1997,1997,AB,Alberta,Alberta,Human activity,Activites humaines,4383.07,4383.07,204,204
1997,1997,AB,Alberta,Alberta,Lightning,Foudre,521.27,521.27,249,249
1997,1997,AB,Alberta,Alberta,Unspecified,Indeterminee,19.61,19.61,10,10
1997,1997,BC,British Columbia,Colombie-Britannique,Human activity,Activites humaines,2635.4,2635.4,489,489
1997,1997,BC,British Columbia,Colombie-Britannique,Lightning,Foudre,332.4,332.4,687,687
1997,1997,MB,Manitoba,Manitoba,Human activity,Activites humaines,3648.7,3648.7,189,189
1997,1997,MB,Manitoba,Manitoba,Lightning,Foudre,38150.4,38150.4,184,184
1997,1997,NB,New Brunswick,Nouveau-Brunswick,Human activity,Activites humaines,219.8,219.8,290,290
1997,1997,NB,New Brunswick,Nouveau-Brunswick,Lightning,Foudre,17.1,17.1,33,33
1997,1997,NB,New Brunswick,Nouveau-Brunswick,Unspecified,Indeterminee,27,27,45,45
1997,1997,NL,Newfoundland and Labrador,Terre-Neuve-et-Labrador,Human activity,Activites humaines,8261.5,8261.5,68,68
1997,1997,NL,Newfoundland and Labrador,Terre-Neuve-et-Labrador,Lightning,Foudre,283.2,283.2,10,10
1997,1997,NS,Nova Scotia,Nouvelle-Ecosse,Human activity,Activites humaines,501.67,501.67,307,307
1997,1997,NS,Nova Scotia,Nouvelle-Ecosse,Lightning,Foudre,24.34,24.34,24,24
1997,1997,NS,Nova Scotia,Nouvelle-Ecosse,Unspecified,Indeterminee,39.15,39.15,39,39
1997,1997,NT,Northwest Territories,Territoires du Nord-Ouest,Human activity,Activites humaines,9.97,9.97,14,14
1997,1997,NT,Northwest Territories,Territoires du Nord-Ouest,Lightning,Foudre,126521.29,126521.29,90,90
1997,1997,NT,Northwest Territories,Territoires du Nord-Ouest,Unspecified,Indeterminee,0.01,0.01,1,1
1997,1997,ON,Ontario,Ontario,Human activity,Activites humaines,2113.300002,2113.300002,925,925
1997,1997,ON,Ontario,Ontario,Lightning,Foudre,36224.3,36224.3,681,681
1997,1997,ON,Ontario,Ontario,Unspecified,Indeterminee,281.9000001,281.9000001,40,40
1997,1997,PE,Prince Edward Island,Ile-du-Prince-edouard,Human activity,Activites humaines,0,0,,
1997,1997,PE,Prince Edward Island,Ile-du-Prince-edouard,Lightning,Foudre,0,0,,
1997,1997,PE,Prince Edward Island,Ile-du-Prince-edouard,Unspecified,Indeterminee,107,107,34,34
1997,1997,QC,Quebec,Quebec,Human activity,Activites humaines,4713.7,4713.7,514,514
1997,1997,QC,Quebec,Quebec,Lightning,Foudre,388365.5,388365.5,362,362
1997,1997,SK,Saskatchewan,Saskatchewan,Human activity,Activites humaines,1669.69,1669.69,232,232
1997,1997,SK,Saskatchewan,Saskatchewan,Lightning,Foudre,2207.22,2207.22,257,257
1997,1997,YT,Yukon,Yukon,Human activity,Activites humaines,78.81,78.81,69,69
1997,1997,YT,Yukon,Yukon,Lightning,Foudre,11391.24,11391.24,43,43
1998,1998,AB,Alberta,Alberta,Human activity,Activites humaines,74977.08,74977.08,449,449
1998,1998,AB,Alberta,Alberta,Lightning,Foudre,673574.17,673574.17,1231,1231
1998,1998,AB,Alberta,Alberta,Unspecified,Indeterminee,225.02,225.02,58,58
1998,1998,BC,British Columbia,Colombie-Britannique,Human activity,Activites humaines,6752.156,6752.156,911,911
1998,1998,BC,British Columbia,Colombie-Britannique,Lightning,Foudre,70015.188,70015.188,1752,1752
1998,1998,MB,Manitoba,Manitoba,Human activity,Activites humaines,4837.8,4837.8,296,296
1998,1998,MB,Manitoba,Manitoba,Lightning,Foudre,445734.3,445734.3,220,220
1998,1998,NB,New Brunswick,Nouveau-Brunswick,Human activity,Activites humaines,274.9,274.9,224,224
1998,1998,NB,New Brunswick,Nouveau-Brunswick,Lightning,Foudre,4.1,4.1,18,18
1998,1998,NB,New Brunswick,Nouveau-Brunswick,Unspecified,Indeterminee,133.4,133.4,46,46
1998,1998,NL,Newfoundland and Labrador,Terre-Neuve-et-Labrador,Human activity,Activites humaines,1085.5,1085.5,159,159
1998,1998,NL,Newfoundland and Labrador,Terre-Neuve-et-Labrador,Lightning,Foudre,39075.7,39075.7,21,21
1998,1998,NS,Nova Scotia,Nouvelle-Ecosse,Human activity,Activites humaines,306.67,306.67,293,293
1998,1998,NS,Nova Scotia,Nouvelle-Ecosse,Lightning,Foudre,12.13,12.13,5,5
1998,1998,NS,Nova Scotia,Nouvelle-Ecosse,Unspecified,Indeterminee,77.93,77.93,48,48
1998,1998,NT,Northwest Territories,Territoires du Nord-Ouest,Human activity,Activites humaines,79.72,79.72,24,24
1998,1998,NT,Northwest Territories,Territoires du Nord-Ouest,Lightning,Foudre,1458875.43,1458875.43,373,373
1998,1998,NT,Northwest Territories,Territoires du Nord-Ouest,Unspecified,Indeterminee,5.01,5.01,2,2
1998,1998,ON,Ontario,Ontario,Human activity,Activites humaines,4137.500002,4137.500002,854,854
1998,1998,ON,Ontario,Ontario,Lightning,Foudre,127542.1,127542.1,1412,1412
1998,1998,ON,Ontario,Ontario,Unspecified,Indeterminee,26492.8,26492.8,25,25
1998,1998,PE,Prince Edward Island,Ile-du-Prince-edouard,Human activity,Activites humaines,76,76,20,20
1998,1998,PE,Prince Edward Island,Ile-du-Prince-edouard,Lightning,Foudre,0,0,0,0
1998,1998,PE,Prince Edward Island,Ile-du-Prince-edouard,Unspecified,Indeterminee,1,1,7,7
1998,1998,QC,Quebec,Quebec,Human activity,Activites humaines,13329.3,13329.3,645,645
1998,1998,QC,Quebec,Quebec,Lightning,Foudre,404977.5,404977.5,209,209
1998,1998,SK,Saskatchewan,Saskatchewan,Human activity,Activites humaines,158432.55,158432.55,438,438
1998,1998,SK,Saskatchewan,Saskatchewan,Lightning,Foudre,886263.67,886263.67,830,830
1998,1998,YT,Yukon,Yukon,Human activity,Activites humaines,63760.73,63760.73,110,110
1998,1998,YT,Yukon,Yukon,Lightning,Foudre,279911.67,279911.67,87,87
1998,1998,YT,Yukon,Yukon,Unspecified,Indeterminee,59,59,1,1
1999,1999,AB,Alberta,Alberta,Human activity,Activites humaines,6198.16,6198.16,448,448
1999,1999,AB,Alberta,Alberta,Lightning,Foudre,183739.9,183739.9,901,901
1999,1999,AB,Alberta,Alberta,Prescribed burn,Brulage dirige,0,0,1,1
1999,1999,AB,Alberta,Alberta,Unspecified,Indeterminee,57.21,57.21,21,21
1999,1999,BC,British Columbia,Colombie-Britannique,Human activity,Activites humaines,4834,4834,597,597
1999,1999,BC,British Columbia,Colombie-Britannique,Lightning,Foudre,6721.41,6721.41,601,601
1999,1999,MB,Manitoba,Manitoba,Human activity,Activites humaines,53387.8,53387.8,329,329
1999,1999,MB,Manitoba,Manitoba,Lightning,Foudre,57065.7,57065.7,284,284
1999,1999,NB,New Brunswick,Nouveau-Brunswick,Human activity,Activites humaines,831,831,378,378
1999,1999,NB,New Brunswick,Nouveau-Brunswick,Lightning,Foudre,545.7,545.7,161,161
1999,1999,NB,New Brunswick,Nouveau-Brunswick,Unspecified,Indeterminee,76.1,76.1,68,68
1999,1999,NL,Newfoundland and Labrador,Terre-Neuve-et-Labrador,Human activity,Activites humaines,11262.4,11262.4,165,165
1999,1999,NL,Newfoundland and Labrador,Terre-Neuve-et-Labrador,Lightning,Foudre,27777.8,27777.8,23,23
1999,1999,NS,Nova Scotia,Nouvelle-Ecosse,Human activity,Activites humaines,1788.39,1788.39,398,398
1999,1999,NS,Nova Scotia,Nouvelle-Ecosse,Lightning,Foudre,16.36,16.36,27,27
1999,1999,NS,Nova Scotia,Nouvelle-Ecosse,Unspecified,Indeterminee,18.69,18.69,39,39
1999,1999,NT,Northwest Territories,Territoires du Nord-Ouest,Human activity,Activites humaines,31.65,31.65,32,32
1999,1999,NT,Northwest Territories,Territoires du Nord-Ouest,Lightning,Foudre,549844.38,549844.38,135,135
1999,1999,NT,Northwest Territories,Territoires du Nord-Ouest,Prescribed burn,Brulage dirige,11158,11158,2,2
1999,1999,NT,Northwest Territories,Territoires du Nord-Ouest,Unspecified,Indeterminee,0.61,0.61,3,3
1999,1999,ON,Ontario,Ontario,Human activity,Activites humaines,251129.6,251129.6,633,633
1999,1999,ON,Ontario,Ontario,Lightning,Foudre,76924.8,76924.8,376,376
1999,1999,ON,Ontario,Ontario,Unspecified,Indeterminee,272.4000002,272.4000002,16,16
1999,1999,PE,Prince Edward Island,Ile-du-Prince-edouard,Human activity,Activites humaines,73,73,26,26
1999,1999,PE,Prince Edward Island,Ile-du-Prince-edouard,Lightning,Foudre,,,1,1
1999,1999,PE,Prince Edward Island,Ile-du-Prince-edouard,Unspecified,Indeterminee,4,4,7,7
1999,1999,QC,Quebec,Quebec,Human activity,Activites humaines,3927.8,3927.8,778,778
1999,1999,QC,Quebec,Quebec,Lightning,Foudre,93819.4,93819.4,259,259
1999,1999,SK,Saskatchewan,Saskatchewan,Human activity,Activites humaines,9135.45,9135.45,245,245
1999,1999,SK,Saskatchewan,Saskatchewan,Lightning,Foudre,171684.79,171684.79,495,495
1999,1999,YT,Yukon,Yukon,Human activity,Activites humaines,3280.24,3280.24,40,40
1999,1999,YT,Yukon,Yukon,Lightning,Foudre,191536.24,191536.24,119,119
2000,2000,AB,Alberta,Alberta,Human activity,Activites humaines,8657.97,8657.97,366,366
2000,2000,AB,Alberta,Alberta,Lightning,Foudre,16574.85,16574.85,481,481
2000,2000,AB,Alberta,Alberta,Unspecified,Indeterminee,18.76,18.76,17,17
2000,2000,BC,British Columbia,Colombie-Britannique,Human activity,Activites humaines,11399.254,11399.254,687,687
2000,2000,BC,British Columbia,Colombie-Britannique,Lightning,Foudre,6409.458,6409.458,864,864
2000,2000,MB,Manitoba,Manitoba,Human activity,Activites humaines,1616,1616,4,4
2000,2000,MB,Manitoba,Manitoba,Unspecified,Indeterminee,111699.272,111699.272,353,353
2000,2000,NB,New Brunswick,Nouveau-Brunswick,Human activity,Activites humaines,371.98,371.98,265,265
2000,2000,NB,New Brunswick,Nouveau-Brunswick,Lightning,Foudre,70.8,70.8,20,20
2000,2000,NB,New Brunswick,Nouveau-Brunswick,Unspecified,Indeterminee,50.3,50.3,57,57
2000,2000,NL,Newfoundland and Labrador,Terre-Neuve-et-Labrador,Human activity,Activites humaines,232,232,124,124
2000,2000,NL,Newfoundland and Labrador,Terre-Neuve-et-Labrador,Lightning,Foudre,103304.167,103304.167,25,25
2000,2000,NS,Nova Scotia,Nouvelle-Ecosse,Human activity,Activites humaines,300.87,300.87,163,163
2000,2000,NS,Nova Scotia,Nouvelle-Ecosse,Lightning,Foudre,1.99,1.99,8,8
2000,2000,NS,Nova Scotia,Nouvelle-Ecosse,Unspecified,Indeterminee,185.31,185.31,41,41
2000,2000,NT,Northwest Territories,Territoires du Nord-Ouest,Human activity,Activites humaines,20.83,20.83,19,19
2000,2000,NT,Northwest Territories,Territoires du Nord-Ouest,Lightning,Foudre,177796.14,177796.14,252,252
2000,2000,NT,Northwest Territories,Territoires du Nord-Ouest,Prescribed burn,Brulage dirige,17.8,17.8,1,1
2000,2000,NT,Northwest Territories,Territoires du Nord-Ouest,Unspecified,Indeterminee,1.02,1.02,3,3
2000,2000,ON,Ontario,Ontario,Human activity,Activites humaines,1420.500003,1420.500003,443,443
2000,2000,ON,Ontario,Ontario,Lightning,Foudre,5293.2,5293.2,199,199
2000,2000,ON,Ontario,Ontario,Unspecified,Indeterminee,64.70000003,64.70000003,11,11
2000,2000,PE,Prince Edward Island,Ile-du-Prince-edouard,Human activity,Activites humaines,,,,
2000,2000,PE,Prince Edward Island,Ile-du-Prince-edouard,Lightning,Foudre,,,,
2000,2000,PE,Prince Edward Island,Ile-du-Prince-edouard,Unspecified,Indeterminee,,,,
2000,2000,QC,Quebec,Quebec,Human activity,Activites humaines,672.52,672.52,412,412
2000,2000,QC,Quebec,Quebec,Lightning,Foudre,38535.9,38535.9,105,105
2000,2000,SK,Saskatchewan,Saskatchewan,Human activity,Activites humaines,10795.03,10795.03,240,240
2000,2000,SK,Saskatchewan,Saskatchewan,Lightning,Foudre,130628.08,130628.08,182,182
2000,2000,YT,Yukon,Yukon,Human activity,Activites humaines,10.33,10.33,31,31
2000,2000,YT,Yukon,Yukon,Lightning,Foudre,7642.53,7642.53,23,23
2000,2000,YT,Yukon,Yukon,Unspecified,Indeterminee,363,363,1,1
2001,2001,AB,Alberta,Alberta,Human activity,Activites humaines,139800.316,139800.316,485,485
2001,2001,AB,Alberta,Alberta,Lightning,Foudre,27108.301,27108.301,516,516
2001,2001,AB,Alberta,Alberta,Unspecified,Indeterminee,78.492,78.492,23,23
2001,2001,BC,British Columbia,Colombie-Britannique,Human activity,Activites humaines,5191.519,5191.519,831,831
2001,2001,BC,British Columbia,Colombie-Britannique,Lightning,Foudre,8981.69,8981.69,489,489
2001,2001,MB,Manitoba,Manitoba,Human activity,Activites humaines,499.3,499.3,6,6
2001,2001,MB,Manitoba,Manitoba,Unspecified,Indeterminee,80521.829,80521.829,527,527
2001,2001,NB,New Brunswick,Nouveau-Brunswick,Human activity,Activites humaines,486.503,486.503,343,343
2001,2001,NB,New Brunswick,Nouveau-Brunswick,Lightning,Foudre,25.3,25.3,56,56
2001,2001,NB,New Brunswick,Nouveau-Brunswick,Unspecified,Indeterminee,264.1,264.1,97,97
2001,2001,NL,Newfoundland and Labrador,Terre-Neuve-et-Labrador,Human activity,Activites humaines,324.7,324.7,166,166
2001,2001,NL,Newfoundland and Labrador,Terre-Neuve-et-Labrador,Lightning,Foudre,640.988,640.988,16,16
2001,2001,NS,Nova Scotia,Nouvelle-Ecosse,Human activity,Activites humaines,471.303,471.303,425,425
2001,2001,NS,Nova Scotia,Nouvelle-Ecosse,Lightning,Foudre,8.15,8.15,16,16
2001,2001,NS,Nova Scotia,Nouvelle-Ecosse,Unspecified,Indeterminee,50.06,50.06,48,48
2001,2001,NT,Northwest Territories,Territoires du Nord-Ouest,Human activity,Activites humaines,5.23,5.23,21,21
2001,2001,NT,Northwest Territories,Territoires du Nord-Ouest,Lightning,Foudre,116756.49,116756.49,107,107
2001,2001,ON,Ontario,Ontario,Human activity,Activites humaines,1520.1,1520.1,545,545
2001,2001,ON,Ontario,Ontario,Lightning,Foudre,9256.000001,9256.000001,1037,1037
2001,2001,ON,Ontario,Ontario,Unspecified,Indeterminee,89.70000001,89.70000001,14,14
2001,2001,PE,Prince Edward Island,Ile-du-Prince-edouard,Human activity,Activites humaines,13,13,32,32
2001,2001,PE,Prince Edward Island,Ile-du-Prince-edouard,Lightning,Foudre,0,0,0,0
2001,2001,PE,Prince Edward Island,Ile-du-Prince-edouard,Unspecified,Indeterminee,16,16,14,14
2001,2001,QC,Quebec,Quebec,Human activity,Activites humaines,5901.3,5901.3,740,740
2001,2001,QC,Quebec,Quebec,Lightning,Foudre,27190.9,27190.9,265,265
2001,2001,SK,Saskatchewan,Saskatchewan,Human activity,Activites humaines,39408.76,39408.76,547,547
2001,2001,SK,Saskatchewan,Saskatchewan,Lightning,Foudre,165724.96,165724.96,328,328
2001,2001,YT,Yukon,Yukon,Human activity,Activites humaines,6.82,6.82,18,18
2001,2001,YT,Yukon,Yukon,Lightning,Foudre,17327.66,17327.66,50,50
2002,2002,AB,Alberta,Alberta,Human activity,Activites humaines,248041,248041,589,589
2002,2002,AB,Alberta,Alberta,Lightning,Foudre,252498.03,252498.03,886,886
2002,2002,AB,Alberta,Alberta,Prescribed burn,Brulage dirige,7,7,1,1
2002,2002,AB,Alberta,Alberta,Unspecified,Indeterminee,8.39,8.39,17,17
2002,2002,BC,British Columbia,Colombie-Britannique,Human activity,Activites humaines,4366.663,4366.663,909,909
2002,2002,BC,British Columbia,Colombie-Britannique,Lightning,Foudre,4219.497,4219.497,884,884
2002,2002,BC,British Columbia,Colombie-Britannique,Unspecified,Indeterminee,0.4,0.4,2,2
2002,2002,MB,Manitoba,Manitoba,Human activity,Activites humaines,1535,1535,5,5
2002,2002,MB,Manitoba,Manitoba,Unspecified,Indeterminee,95404.79,95404.79,755,755
2002,2002,NB,New Brunswick,Nouveau-Brunswick,Human activity,Activites humaines,255.5,255.5,211,211
2002,2002,NB,New Brunswick,Nouveau-Brunswick,Lightning,Foudre,33,33,55,55
2002,2002,NB,New Brunswick,Nouveau-Brunswick,Unspecified,Indeterminee,37,37,51,51
2002,2002,NL,Newfoundland and Labrador,Terre-Neuve-et-Labrador,Human activity,Activites humaines,385.1,385.1,86,86
2002,2002,NL,Newfoundland and Labrador,Terre-Neuve-et-Labrador,Lightning,Foudre,14524.546,14524.546,14,14
2002,2002,NS,Nova Scotia,Nouvelle-Ecosse,Human activity,Activites humaines,191.35,191.35,224,224
2002,2002,NS,Nova Scotia,Nouvelle-Ecosse,Lightning,Foudre,9.72,9.72,16,16
2002,2002,NS,Nova Scotia,Nouvelle-Ecosse,Unspecified,Indeterminee,11.49,11.49,30,30
2002,2002,NT,Northwest Territories,Territoires du Nord-Ouest,Human activity,Activites humaines,18.04,18.04,12,12
2002,2002,NT,Northwest Territories,Territoires du Nord-Ouest,Lightning,Foudre,27067.63,27067.63,70,70
2002,2002,NT,Northwest Territories,Territoires du Nord-Ouest,Unspecified,Indeterminee,3.5,3.5,3,3
2002,2002,ON,Ontario,Ontario,Human activity,Activites humaines,2351.700001,2351.700001,439,439
2002,2002,ON,Ontario,Ontario,Lightning,Foudre,178041.9,178041.9,703,703
2002,2002,ON,Ontario,Ontario,Unspecified,Indeterminee,1851.1,1851.1,21,21
2002,2002,PE,Prince Edward Island,Ile-du-Prince-edouard,Human activity,Activites humaines,132,132,26,26
2002,2002,PE,Prince Edward Island,Ile-du-Prince-edouard,Lightning,Foudre,0,0,0,0
2002,2002,PE,Prince Edward Island,Ile-du-Prince-edouard,Unspecified,Indeterminee,0,0,3,3
2002,2002,QC,Quebec,Quebec,Human activity,Activites humaines,5943.31,5943.31,572,572
2002,2002,QC,Quebec,Quebec,Lightning,Foudre,1007806.61,1007806.61,327,327
2002,2002,SK,Saskatchewan,Saskatchewan,Human activity,Activites humaines,101681.75,101681.75,447,447
2002,2002,SK,Saskatchewan,Saskatchewan,Lightning,Foudre,780974.57,780974.57,450,450
2002,2002,YT,Yukon,Yukon,Human activity,Activites humaines,22.76,22.76,39,39
2002,2002,YT,Yukon,Yukon,Lightning,Foudre,36181.45,36181.45,31,31
2003,2003,AB,Alberta,Alberta,Human activity,Activites humaines,39243.05,39243.05,672,672
2003,2003,AB,Alberta,Alberta,Lightning,Foudre,145144.36,145144.36,563,563
2003,2003,AB,Alberta,Alberta,Unspecified,Indeterminee,19958.31,19958.31,22,22
2003,2003,BC,British Columbia,Colombie-Britannique,Human activity,Activites humaines,81752.383,81752.383,945,945
2003,2003,BC,British Columbia,Colombie-Britannique,Lightning,Foudre,201650.429,201650.429,1545,1545
2003,2003,MB,Manitoba,Manitoba,Human activity,Activites humaines,3203,3203,2,2
2003,2003,MB,Manitoba,Manitoba,Unspecified,Indeterminee,938176.427,938176.427,1207,1207
2003,2003,NB,New Brunswick,Nouveau-Brunswick,Human activity,Activites humaines,214.9,214.9,182,182
2003,2003,NB,New Brunswick,Nouveau-Brunswick,Lightning,Foudre,4.3,4.3,22,22
2003,2003,NB,New Brunswick,Nouveau-Brunswick,Unspecified,Indeterminee,20.2,20.2,26,26
2003,2003,NL,Newfoundland and Labrador,Terre-Neuve-et-Labrador,Human activity,Activites humaines,683,683,125,125
2003,2003,NL,Newfoundland and Labrador,Terre-Neuve-et-Labrador,Lightning,Foudre,27028.13,27028.13,15,15
2003,2003,NS,Nova Scotia,Nouvelle-Ecosse,Human activity,Activites humaines,1235.99,1235.99,254,254
2003,2003,NS,Nova Scotia,Nouvelle-Ecosse,Lightning,Foudre,0.13,0.13,4,4
2003,2003,NS,Nova Scotia,Nouvelle-Ecosse,Unspecified,Indeterminee,20.64,20.64,14,14
2003,2003,NT,Northwest Territories,Territoires du Nord-Ouest,Human activity,Activites humaines,9.3,9.3,12,12
2003,2003,NT,Northwest Territories,Territoires du Nord-Ouest,Lightning,Foudre,127812.1,127812.1,148,148
2003,2003,ON,Ontario,Ontario,Human activity,Activites humaines,8397.600002,8397.600002,477,477
2003,2003,ON,Ontario,Ontario,Lightning,Foudre,309984.9,309984.9,519,519
2003,2003,ON,Ontario,Ontario,Unspecified,Indeterminee,734.0999998,734.0999998,47,47
2003,2003,PE,Prince Edward Island,Ile-du-Prince-edouard,Human activity,Activites humaines,11,11,13,13
2003,2003,PE,Prince Edward Island,Ile-du-Prince-edouard,Lightning,Foudre,0,0,0,0
2003,2003,PE,Prince Edward Island,Ile-du-Prince-edouard,Unspecified,Indeterminee,1,1,1,1
2003,2003,QC,Quebec,Quebec,Human activity,Activites humaines,9783.101,9783.101,526,526
2003,2003,QC,Quebec,Quebec,Lightning,Foudre,78462.3,78462.3,194,194
2003,2003,SK,Saskatchewan,Saskatchewan,Human activity,Activites humaines,12883.93,12883.93,299,299
2003,2003,SK,Saskatchewan,Saskatchewan,Lightning,Foudre,113205.32,113205.32,359,359
2003,2003,YT,Yukon,Yukon,Human activity,Activites humaines,2940.47,2940.47,48,48
2003,2003,YT,Yukon,Yukon,Lightning,Foudre,45844.86,45844.86,29,29
2004,2004,AB,Alberta,Alberta,Human activity,Activites humaines,6648.99,6648.99,877,877
2004,2004,AB,Alberta,Alberta,Lightning,Foudre,425626.13,425626.13,788,788
2004,2004,AB,Alberta,Alberta,Prescribed burn,Brulage dirige,0.2,0.2,1,1
2004,2004,AB,Alberta,Alberta,Reburn,Rebrulage,41.01,41.01,6,6
2004,2004,AB,Alberta,Alberta,Unspecified,Indeterminee,9.26,9.26,11,11
2004,2004,BC,British Columbia,Colombie-Britannique,Human activity,Activites humaines,2175.457,2175.457,696,696
2004,2004,BC,British Columbia,Colombie-Britannique,Lightning,Foudre,218120.91,218120.91,1721,1721
2004,2004,BC,British Columbia,Colombie-Britannique,Unspecified,Indeterminee,0.1,0.1,1,1
2004,2004,MB,Manitoba,Manitoba,Human activity,Activites humaines,1062,1062,16,16
2004,2004,MB,Manitoba,Manitoba,Lightning,Foudre,18074.1,18074.1,32,32
2004,2004,MB,Manitoba,Manitoba,Unspecified,Indeterminee,8384.3,8384.3,9,9
2004,2004,NB,New Brunswick,Nouveau-Brunswick,Human activity,Activites humaines,388.8,388.8,212,212
2004,2004,NB,New Brunswick,Nouveau-Brunswick,Lightning,Foudre,4.6,4.6,8,8
2004,2004,NB,New Brunswick,Nouveau-Brunswick,Unspecified,Indeterminee,68.4,68.4,36,36
2004,2004,NL,Newfoundland and Labrador,Terre-Neuve-et-Labrador,Human activity,Activites humaines,1224.532,1224.532,123,123
2004,2004,NL,Newfoundland and Labrador,Terre-Neuve-et-Labrador,Lightning,Foudre,931.586,931.586,2,2
2004,2004,NS,Nova Scotia,Nouvelle-Ecosse,Human activity,Activites humaines,287.52,287.52,250,250
2004,2004,NS,Nova Scotia,Nouvelle-Ecosse,Lightning,Foudre,0.45,0.45,4,4
2004,2004,NS,Nova Scotia,Nouvelle-Ecosse,Unspecified,Indeterminee,1.87,1.87,5,5
2004,2004,NT,Northwest Territories,Territoires du Nord-Ouest,Human activity,Activites humaines,7637.95,7637.95,35,35
2004,2004,NT,Northwest Territories,Territoires du Nord-Ouest,Lightning,Foudre,501430.38,501430.38,254,254
2004,2004,NT,Northwest Territories,Territoires du Nord-Ouest,Unspecified,Indeterminee,8287.7,8287.7,10,10
2004,2004,ON,Ontario,Ontario,Human activity,Activites humaines,1587.799999,1587.799999,309,309
2004,2004,ON,Ontario,Ontario,Lightning,Foudre,120.2000004,120.2000004,113,113
2004,2004,ON,Ontario,Ontario,Unspecified,Indeterminee,9.599999983,9.599999983,13,13
2004,2004,PE,Prince Edward Island,Ile-du-Prince-edouard,Human activity,Activites humaines,13,13,18,18
2004,2004,PE,Prince Edward Island,Ile-du-Prince-edouard,Lightning,Foudre,0,0,0,0
2004,2004,PE,Prince Edward Island,Ile-du-Prince-edouard,Unspecified,Indeterminee,2,2,2,2
2004,2004,QC,Quebec,Quebec,Human activity,Activites humaines,815.6006,815.6006,280,280
2004,2004,QC,Quebec,Quebec,Lightning,Foudre,2242.1,2242.1,42,42
2004,2004,SK,Saskatchewan,Saskatchewan,Human activity,Activites humaines,7407.16,7407.16,166,166
2004,2004,SK,Saskatchewan,Saskatchewan,Lightning,Foudre,250726.45,250726.45,165,165
2004,2004,SK,Saskatchewan,Saskatchewan,Unspecified,Indeterminee,5,5,1,1
2004,2004,YT,Yukon,Yukon,Human activity,Activites humaines,11631.47,11631.47,33,33
2004,2004,YT,Yukon,Yukon,Lightning,Foudre,1708032.62,1708032.62,249,249
2005,2005,AB,Alberta,Alberta,Human activity,Activites humaines,12715.051,12715.051,914,914
2005,2005,AB,Alberta,Alberta,Lightning,Foudre,79604.38,79604.38,471,471
2005,2005,AB,Alberta,Alberta,Prescribed burn,Brulage dirige,3.91,3.91,2,2
2005,2005,AB,Alberta,Alberta,Reburn,Rebrulage,0.12,0.12,3,3
2005,2005,AB,Alberta,Alberta,Unspecified,Indeterminee,45.49,45.49,35,35
2005,2005,BC,British Columbia,Colombie-Britannique,Human activity,Activites humaines,9735.405,9735.405,616,616
2005,2005,BC,British Columbia,Colombie-Britannique,Lightning,Foudre,27097.571,27097.571,390,390
2005,2005,MB,Manitoba,Manitoba,Human activity,Activites humaines,6189.3,6189.3,111,111
2005,2005,MB,Manitoba,Manitoba,Lightning,Foudre,69102.4,69102.4,143,143
2005,2005,NB,New Brunswick,Nouveau-Brunswick,Human activity,Activites humaines,459.4,459.4,258,258
2005,2005,NB,New Brunswick,Nouveau-Brunswick,Lightning,Foudre,9.9,9.9,25,25
2005,2005,NB,New Brunswick,Nouveau-Brunswick,Unspecified,Indeterminee,33,33,26,26
2005,2005,NL,Newfoundland and Labrador,Terre-Neuve-et-Labrador,Human activity,Activites humaines,187.2,187.2,115,115
2005,2005,NL,Newfoundland and Labrador,Terre-Neuve-et-Labrador,Lightning,Foudre,18061.319,18061.319,6,6
2005,2005,NS,Nova Scotia,Nouvelle-Ecosse,Human activity,Activites humaines,472,472,261,261
2005,2005,NS,Nova Scotia,Nouvelle-Ecosse,Lightning,Foudre,0,0,4,4
2005,2005,NS,Nova Scotia,Nouvelle-Ecosse,Unspecified,Indeterminee,23,23,24,24
2005,2005,NT,Northwest Territories,Territoires du Nord-Ouest,Human activity,Activites humaines,9.11,9.11,16,16
2005,2005,NT,Northwest Territories,Territoires du Nord-Ouest,Lightning,Foudre,216865.2,216865.2,239,239
2005,2005,NT,Northwest Territories,Territoires du Nord-Ouest,Unspecified,Indeterminee,1258.31,1258.31,6,6
2005,2005,ON,Ontario,Ontario,Human activity,Activites humaines,3167.900005,3167.900005,593,593
2005,2005,ON,Ontario,Ontario,Lightning,Foudre,39138.95,39138.95,1358,1358
2005,2005,ON,Ontario,Ontario,Unspecified,Indeterminee,44.00000005,44.00000005,27,27
2005,2005,PE,Prince Edward Island,Ile-du-Prince-edouard,Human activity,Activites humaines,44,44,11,11
2005,2005,PE,Prince Edward Island,Ile-du-Prince-edouard,Lightning,Foudre,0,0,0,0
2005,2005,PE,Prince Edward Island,Ile-du-Prince-edouard,Unspecified,Indeterminee,6,6,2,2
2005,2005,QC,Quebec,Quebec,Human activity,Activites humaines,33369.6,33369.6,550,550
2005,2005,QC,Quebec,Quebec,Lightning,Foudre,766770.7,766770.7,825,825
2005,2005,SK,Saskatchewan,Saskatchewan,Human activity,Activites humaines,9333.44,9333.44,137,137
2005,2005,SK,Saskatchewan,Saskatchewan,Lightning,Foudre,205584.27,205584.27,199,199
2005,2005,SK,Saskatchewan,Saskatchewan,Unspecified,Indeterminee,0.7,0.7,2,2
2005,2005,YT,Yukon,Yukon,Human activity,Activites humaines,1.51,1.51,26,26
2005,2005,YT,Yukon,Yukon,Lightning,Foudre,187436.83,187436.83,57,57
2006,2006,AB,Alberta,Alberta,Human activity,Activites humaines,23935.1,23935.1,1223,1223
2006,2006,AB,Alberta,Alberta,Lightning,Foudre,106317.42,106317.42,797,797
2006,2006,AB,Alberta,Alberta,Prescribed burn,Brulage dirige,1.79,1.79,7,7
2006,2006,AB,Alberta,Alberta,Reburn,Rebrulage,33.26,33.26,22,22
2006,2006,AB,Alberta,Alberta,Unspecified,Indeterminee,6024.26,6024.26,58,58
2006,2006,BC,British Columbia,Colombie-Britannique,Human activity,Activites humaines,9714.723,9714.723,1037,1037
2006,2006,BC,British Columbia,Colombie-Britannique,Lightning,Foudre,129709.729,129709.729,1550,1550
2006,2006,MB,Manitoba,Manitoba,Human activity,Activites humaines,8113.4,8113.4,262,262
2006,2006,MB,Manitoba,Manitoba,Lightning,Foudre,159437,159437,422,422
2006,2006,NB,New Brunswick,Nouveau-Brunswick,Human activity,Activites humaines,574.4,574.4,249,249
2006,2006,NB,New Brunswick,Nouveau-Brunswick,Lightning,Foudre,8.7,8.7,27,27
2006,2006,NB,New Brunswick,Nouveau-Brunswick,Unspecified,Indeterminee,41.5,41.5,34,34
2006,2006,NL,Newfoundland and Labrador,Terre-Neuve-et-Labrador,Human activity,Activites humaines,153.7,153.7,61,61
2006,2006,NL,Newfoundland and Labrador,Terre-Neuve-et-Labrador,Lightning,Foudre,3311.868,3311.868,5,5
2006,2006,NS,Nova Scotia,Nouvelle-Ecosse,Human activity,Activites humaines,1562.01,1562.01,203,203
2006,2006,NS,Nova Scotia,Nouvelle-Ecosse,Unspecified,Indeterminee,484,484,13,13
2006,2006,NT,Northwest Territories,Territoires du Nord-Ouest,Human activity,Activites humaines,68.68,68.68,23,23
2006,2006,NT,Northwest Territories,Territoires du Nord-Ouest,Lightning,Foudre,61312.35,61312.35,140,140
2006,2006,NT,Northwest Territories,Territoires du Nord-Ouest,Unspecified,Indeterminee,16,16,4,4
2006,2006,ON,Ontario,Ontario,Human activity,Activites humaines,2113.199998,2113.199998,500,500
2006,2006,ON,Ontario,Ontario,Lightning,Foudre,145302.6,145302.6,1761,1761
2006,2006,ON,Ontario,Ontario,Unspecified,Indeterminee,2572.5,2572.5,31,31
2006,2006,PE,Prince Edward Island,Ile-du-Prince-edouard,Human activity,Activites humaines,48,48,35,35
2006,2006,PE,Prince Edward Island,Ile-du-Prince-edouard,Lightning,Foudre,0,0,0,0
2006,2006,PE,Prince Edward Island,Ile-du-Prince-edouard,Unspecified,Indeterminee,3,3,1,1
2006,2006,QC,Quebec,Quebec,Human activity,Activites humaines,65212.1,65212.1,385,385
2006,2006,QC,Quebec,Quebec,Lightning,Foudre,71140.5,71140.5,299,299
2006,2006,SK,Saskatchewan,Saskatchewan,Human activity,Activites humaines,182545.97,182545.97,173,173
2006,2006,SK,Saskatchewan,Saskatchewan,Lightning,Foudre,1025561.09,1025561.09,349,349
2006,2006,SK,Saskatchewan,Saskatchewan,Unspecified,Indeterminee,327.5,327.5,3,3
2006,2006,YT,Yukon,Yukon,Human activity,Activites humaines,4.04,4.04,26,26
2006,2006,YT,Yukon,Yukon,Lightning,Foudre,95029.3,95029.3,54,54
2007,2007,AB,Alberta,Alberta,Human activity,Activites humaines,1765.58,1765.58,821,821
2007,2007,AB,Alberta,Alberta,Lightning,Foudre,324225.28,324225.28,530,530
2007,2007,AB,Alberta,Alberta,Reburn,Rebrulage,1.2,1.2,8,8
2007,2007,AB,Alberta,Alberta,Unspecified,Indeterminee,2.25,2.25,19,19
2007,2007,BC,British Columbia,Colombie-Britannique,Human activity,Activites humaines,12743.078,12743.078,718,718
2007,2007,BC,British Columbia,Colombie-Britannique,Lightning,Foudre,17243.276,17243.276,922,922
2007,2007,BC,British Columbia,Colombie-Britannique,Unspecified,Indeterminee,0.5,0.5,1,1
2007,2007,MB,Manitoba,Manitoba,Human activity,Activites humaines,5512.9,5512.9,221,221
2007,2007,MB,Manitoba,Manitoba,Lightning,Foudre,331367.9,331367.9,162,162
2007,2007,NB,New Brunswick,Nouveau-Brunswick,Human activity,Activites humaines,384.4,384.4,254,254
2007,2007,NB,New Brunswick,Nouveau-Brunswick,Lightning,Foudre,25.2,25.2,30,30
2007,2007,NB,New Brunswick,Nouveau-Brunswick,Unspecified,Indeterminee,183.4,183.4,34,34
2007,2007,NL,Newfoundland and Labrador,Terre-Neuve-et-Labrador,Human activity,Activites humaines,324.146,324.146,59,59
2007,2007,NL,Newfoundland and Labrador,Terre-Neuve-et-Labrador,Lightning,Foudre,11026.484,11026.484,6,6
2007,2007,NL,Newfoundland and Labrador,Terre-Neuve-et-Labrador,Unspecified,Indeterminee,0.293,0.293,1,1
2007,2007,NS,Nova Scotia,Nouvelle-Ecosse,Human activity,Activites humaines,510,510,324,324
2007,2007,NS,Nova Scotia,Nouvelle-Ecosse,Lightning,Foudre,0,0,2,2
2007,2007,NS,Nova Scotia,Nouvelle-Ecosse,Unspecified,Indeterminee,181,181,61,61
2007,2007,NT,Northwest Territories,Territoires du Nord-Ouest,Human activity,Activites humaines,22183.3,22183.3,37,37
2007,2007,NT,Northwest Territories,Territoires du Nord-Ouest,Lightning,Foudre,422923.87,422923.87,141,141
2007,2007,NT,Northwest Territories,Territoires du Nord-Ouest,Unspecified,Indeterminee,22.21,22.21,6,6
2007,2007,ON,Ontario,Ontario,Human activity,Activites humaines,33191.4,33191.4,565,565
2007,2007,ON,Ontario,Ontario,Lightning,Foudre,6747.100001,6747.100001,533,533
2007,2007,ON,Ontario,Ontario,Prescribed burn,Brulage dirige,25,25,1,1
2007,2007,ON,Ontario,Ontario,Unspecified,Indeterminee,713.9,713.9,30,30
2007,2007,PE,Prince Edward Island,Ile-du-Prince-edouard,Human activity,Activites humaines,0.02,0.02,1,1
2007,2007,PE,Prince Edward Island,Ile-du-Prince-edouard,Human activity,Activites humaines,0.02,0.02,7,7
2007,2007,PE,Prince Edward Island,Ile-du-Prince-edouard,Human activity,Activites humaines,18,18,1,1
2007,2007,PE,Prince Edward Island,Ile-du-Prince-edouard,Human activity,Activites humaines,18,18,7,7
2007,2007,PE,Prince Edward Island,Ile-du-Prince-edouard,Lightning,Foudre,0,0,0,0
2007,2007,PE,Prince Edward Island,Ile-du-Prince-edouard,Unspecified,Indeterminee,1,1,1,1
2007,2007,QC,Quebec,Quebec,Human activity,Activites humaines,120758.4,120758.4,510,510
2007,2007,QC,Quebec,Quebec,Lightning,Foudre,221956.9,221956.9,429,429
2007,2007,SK,Saskatchewan,Saskatchewan,Human activity,Activites humaines,4767.66,4767.66,239,239
2007,2007,SK,Saskatchewan,Saskatchewan,Lightning,Foudre,208304.56,208304.56,135,135
2007,2007,YT,Yukon,Yukon,Human activity,Activites humaines,13989.01,13989.01,20,20
2007,2007,YT,Yukon,Yukon,Lightning,Foudre,24368.75,24368.75,91,91
2008,2008,AB,Alberta,Alberta,Human activity,Activites humaines,10672.58,10672.58,905,905
2008,2008,AB,Alberta,Alberta,Lightning,Foudre,22869.17,22869.17,826,826
2008,2008,AB,Alberta,Alberta,Prescribed burn,Brulage dirige,2914.11,2914.11,11,11
2008,2008,AB,Alberta,Alberta,Reburn,Rebrulage,8.42,8.42,9,9
2008,2008,AB,Alberta,Alberta,Unspecified,Indeterminee,70.96,70.96,44,44
2008,2008,BC,British Columbia,Colombie-Britannique,Human activity,Activites humaines,8649.376,8649.376,869,869
2008,2008,BC,British Columbia,Colombie-Britannique,Lightning,Foudre,4801.454,4801.454,1185,1185
2008,2008,BC,British Columbia,Colombie-Britannique,Prescribed burn,Brulage dirige,1813,1813,2,2
2008,2008,BC,British Columbia,Colombie-Britannique,Unspecified,Indeterminee,37.1,37.1,2,2
2008,2008,MB,Manitoba,Manitoba,Human activity,Activites humaines,73198.2,73198.2,254,254
2008,2008,MB,Manitoba,Manitoba,Lightning,Foudre,77474.4,77474.4,143,143
2008,2008,MB,Manitoba,Manitoba,Prescribed burn,Brulage dirige,4250,4250,1,1
2008,2008,NB,New Brunswick,Nouveau-Brunswick,Human activity,Activites humaines,125.7,125.7,140,140
2008,2008,NB,New Brunswick,Nouveau-Brunswick,Lightning,Foudre,6.8,6.8,13,13
2008,2008,NB,New Brunswick,Nouveau-Brunswick,Unspecified,Indeterminee,10,10,15,15
2008,2008,NL,Newfoundland and Labrador,Terre-Neuve-et-Labrador,Human activity,Activites humaines,98.4,98.4,70,70
2008,2008,NL,Newfoundland and Labrador,Terre-Neuve-et-Labrador,Lightning,Foudre,1.6,1.6,2,2
2008,2008,NL,Newfoundland and Labrador,Terre-Neuve-et-Labrador,Prescribed burn,Brulage dirige,29,29,1,1
2008,2008,NS,Nova Scotia,Nouvelle-Ecosse,Human activity,Activites humaines,2638.01,2638.01,212,212
2008,2008,NS,Nova Scotia,Nouvelle-Ecosse,Lightning,Foudre,0,0,1,1
2008,2008,NS,Nova Scotia,Nouvelle-Ecosse,Unspecified,Indeterminee,62,62,35,35
2008,2008,NT,Northwest Territories,Territoires du Nord-Ouest,Human activity,Activites humaines,19.78,19.78,21,21
2008,2008,NT,Northwest Territories,Territoires du Nord-Ouest,Lightning,Foudre,308546.47,308546.47,214,214
2008,2008,NT,Northwest Territories,Territoires du Nord-Ouest,Unspecified,Indeterminee,222.5,222.5,5,5
2008,2008,ON,Ontario,Ontario,Human activity,Activites humaines,106.6000002,106.6000002,204,204
2008,2008,ON,Ontario,Ontario,Lightning,Foudre,1193.7,1193.7,118,118
2008,2008,ON,Ontario,Ontario,Prescribed burn,Brulage dirige,100,100,1,1
2008,2008,ON,Ontario,Ontario,Unspecified,Indeterminee,16.70100025,16.70100025,21,21
2008,2008,PE,Prince Edward Island,Ile-du-Prince-edouard,Human activity,Activites humaines,0.5,0.5,1,1
2008,2008,PE,Prince Edward Island,Ile-du-Prince-edouard,Human activity,Activites humaines,0.5,0.5,4,4
2008,2008,PE,Prince Edward Island,Ile-du-Prince-edouard,Human activity,Activites humaines,3,3,1,1
2008,2008,PE,Prince Edward Island,Ile-du-Prince-edouard,Human activity,Activites humaines,3,3,4,4
2008,2008,PE,Prince Edward Island,Ile-du-Prince-edouard,Lightning,Foudre,0,0,0,0
2008,2008,PE,Prince Edward Island,Ile-du-Prince-edouard,Unspecified,Indeterminee,0.5,0.5,1,1
2008,2008,PE,Prince Edward Island,Ile-du-Prince-edouard,Unspecified,Indeterminee,0.5,0.5,0,0
2008,2008,PE,Prince Edward Island,Ile-du-Prince-edouard,Unspecified,Indeterminee,0,0,1,1
2008,2008,PE,Prince Edward Island,Ile-du-Prince-edouard,Unspecified,Indeterminee,0,0,0,0
2008,2008,QC,Quebec,Quebec,Human activity,Activites humaines,148.2,148.2,188,188
2008,2008,QC,Quebec,Quebec,Lightning,Foudre,1333.4,1333.4,34,34
2008,2008,QC,Quebec,Quebec,Prescribed burn,Brulage dirige,115,115,1,1
2008,2008,SK,Saskatchewan,Saskatchewan,Human activity,Activites humaines,31062.48,31062.48,319,319
2008,2008,SK,Saskatchewan,Saskatchewan,Lightning,Foudre,1099181.81,1099181.81,285,285
2008,2008,SK,Saskatchewan,Saskatchewan,Prescribed burn,Brulage dirige,76,76,6,6
2008,2008,YT,Yukon,Yukon,Human activity,Activites humaines,11.83,11.83,27,27
2008,2008,YT,Yukon,Yukon,Lightning,Foudre,13056.05,13056.05,49,49
2009,2009,AB,Alberta,Alberta,Human activity,Activites humaines,22239.18,22239.18,1056,1056
2009,2009,AB,Alberta,Alberta,Lightning,Foudre,67111.06,67111.06,588,588
2009,2009,AB,Alberta,Alberta,Prescribed burn,Brulage dirige,5170.99,5170.99,13,13
2009,2009,AB,Alberta,Alberta,Reburn,Rebrulage,5.97,5.97,9,9
2009,2009,AB,Alberta,Alberta,Unspecified,Indeterminee,31.27,31.27,49,49
2009,2009,BC,British Columbia,Colombie-Britannique,Human activity,Activites humaines,26716.728,26716.728,904,904
2009,2009,BC,British Columbia,Colombie-Britannique,Lightning,Foudre,220703.056,220703.056,2196,2196
2009,2009,BC,British Columbia,Colombie-Britannique,Prescribed burn,Brulage dirige,100,100,1,1
2009,2009,MB,Manitoba,Manitoba,Human activity,Activites humaines,2230.2,2230.2,117,117
2009,2009,MB,Manitoba,Manitoba,Lightning,Foudre,641.8,641.8,67,67
2009,2009,MB,Manitoba,Manitoba,Prescribed burn,Brulage dirige,420,420,2,2
2009,2009,NB,New Brunswick,Nouveau-Brunswick,Human activity,Activites humaines,233.7,233.7,182,182
2009,2009,NB,New Brunswick,Nouveau-Brunswick,Lightning,Foudre,0.2,0.2,2,2
2009,2009,NB,New Brunswick,Nouveau-Brunswick,Unspecified,Indeterminee,20,20,13,13
2009,2009,NL,Newfoundland and Labrador,Terre-Neuve-et-Labrador,Human activity,Activites humaines,392.584,392.584,148,148
2009,2009,NL,Newfoundland and Labrador,Terre-Neuve-et-Labrador,Lightning,Foudre,16263.609,16263.609,2,2
2009,2009,NL,Newfoundland and Labrador,Terre-Neuve-et-Labrador,Prescribed burn,Brulage dirige,15,15,1,1
2009,2009,NS,Nova Scotia,Nouvelle-Ecosse,Human activity,Activites humaines,858,858,161,161
2009,2009,NS,Nova Scotia,Nouvelle-Ecosse,Prescribed burn,Brulage dirige,33.3,33.3,1,1
2009,2009,NS,Nova Scotia,Nouvelle-Ecosse,Unspecified,Indeterminee,25,25,29,29
2009,2009,NT,Northwest Territories,Territoires du Nord-Ouest,Human activity,Activites humaines,22.6,22.6,15,15
2009,2009,NT,Northwest Territories,Territoires du Nord-Ouest,Lightning,Foudre,10314.35,10314.35,44,44
2009,2009,NT,Northwest Territories,Territoires du Nord-Ouest,Unspecified,Indeterminee,0.1,0.1,1,1
2009,2009,ON,Ontario,Ontario,Human activity,Activites humaines,375.4000002,375.4000002,251,251
2009,2009,ON,Ontario,Ontario,Lightning,Foudre,20308.1,20308.1,121,121
2009,2009,ON,Ontario,Ontario,Prescribed burn,Brulage dirige,1,1,1,1
2009,2009,ON,Ontario,Ontario,Unspecified,Indeterminee,9.282000019,9.282000019,18,18
2009,2009,PE,Prince Edward Island,Ile-du-Prince-edouard,Human activity,Activites humaines,3,3,7,7
2009,2009,PE,Prince Edward Island,Ile-du-Prince-edouard,Lightning,Foudre,0,0,0,0
2009,2009,PE,Prince Edward Island,Ile-du-Prince-edouard,Unspecified,Indeterminee,0,0,1,1
2009,2009,QC,Quebec,Quebec,Human activity,Activites humaines,2246.3,2246.3,338,338
2009,2009,QC,Quebec,Quebec,Lightning,Foudre,91725.4,91725.4,145,145
2009,2009,QC,Quebec,Quebec,Prescribed burn,Brulage dirige,28.8,28.8,2,2
2009,2009,SK,Saskatchewan,Saskatchewan,Human activity,Activites humaines,4921.63,4921.63,334,334
2009,2009,SK,Saskatchewan,Saskatchewan,Lightning,Foudre,37655.34,37655.34,202,202
2009,2009,SK,Saskatchewan,Saskatchewan,Prescribed burn,Brulage dirige,1231,1231,4,4
2009,2009,SK,Saskatchewan,Saskatchewan,Unspecified,Indeterminee,0.55,0.55,2,2
2009,2009,YT,Yukon,Yukon,Human activity,Activites humaines,3.23,3.23,33,33
2009,2009,YT,Yukon,Yukon,Lightning,Foudre,230509.12,230509.12,85,85
2010,2010,AB,Alberta,Alberta,Human activity,Activites humaines,2271.29,2271.29,1119,1119
2010,2010,AB,Alberta,Alberta,Lightning,Foudre,84448.44,84448.44,778,778
2010,2010,AB,Alberta,Alberta,Prescribed burn,Brulage dirige,11,11,3,3
2010,2010,AB,Alberta,Alberta,Reburn,Rebrulage,138.82,138.82,12,12
2010,2010,AB,Alberta,Alberta,Unspecified,Indeterminee,83.14,83.14,37,37
2010,2010,BC,British Columbia,Colombie-Britannique,Human activity,Activites humaines,10436.573,10436.573,729,729
2010,2010,BC,British Columbia,Colombie-Britannique,Lightning,Foudre,326732.176,326732.176,1000,1000
2010,2010,BC,British Columbia,Colombie-Britannique,Prescribed burn,Brulage dirige,12,12,1,1
2010,2010,BC,British Columbia,Colombie-Britannique,Unspecified,Indeterminee,0.1,0.1,1,1
2010,2010,MB,Manitoba,Manitoba,Human activity,Activites humaines,22396.6,22396.6,248,248
2010,2010,MB,Manitoba,Manitoba,Lightning,Foudre,165098.7,165098.7,338,338
2010,2010,MB,Manitoba,Manitoba,Prescribed burn,Brulage dirige,1765,1765,3,3
2010,2010,NB,New Brunswick,Nouveau-Brunswick,Human activity,Activites humaines,130.5,130.5,143,143
2010,2010,NB,New Brunswick,Nouveau-Brunswick,Lightning,Foudre,10.8,10.8,9,9
2010,2010,NB,New Brunswick,Nouveau-Brunswick,Unspecified,Indeterminee,15,15,27,27
2010,2010,NL,Newfoundland and Labrador,Terre-Neuve-et-Labrador,Human activity,Activites humaines,38.6,38.6,42,42
2010,2010,NL,Newfoundland and Labrador,Terre-Neuve-et-Labrador,Lightning,Foudre,956.649,956.649,4,4
2010,2010,NS,Nova Scotia,Nouvelle-Ecosse,Human activity,Activites humaines,0.3,0.3,1,1
2010,2010,NS,Nova Scotia,Nouvelle-Ecosse,Prescribed burn,Brulage dirige,2.3,2.3,1,1
2010,2010,NS,Nova Scotia,Nouvelle-Ecosse,Unspecified,Indeterminee,435.74,435.74,248,248
2010,2010,NT,Northwest Territories,Territoires du Nord-Ouest,Human activity,Activites humaines,152.56,152.56,19,19
2010,2010,NT,Northwest Territories,Territoires du Nord-Ouest,Lightning,Foudre,350649.38,350649.38,201,201
2010,2010,NT,Northwest Territories,Territoires du Nord-Ouest,Unspecified,Indeterminee,125.05,125.05,4,4
2010,2010,ON,Ontario,Ontario,Human activity,Activites humaines,2609.4,2609.4,541,541
2010,2010,ON,Ontario,Ontario,Lightning,Foudre,10108.9,10108.9,363,363
2010,2010,ON,Ontario,Ontario,Prescribed burn,Brulage dirige,7,7,1,1
2010,2010,ON,Ontario,Ontario,Unspecified,Indeterminee,2110.9,2110.9,28,28
2010,2010,PE,Prince Edward Island,Ile-du-Prince-edouard,Human activity,Activites humaines,5,5,4,4
2010,2010,PE,Prince Edward Island,Ile-du-Prince-edouard,Lightning,Foudre,0,0,0,0
2010,2010,PE,Prince Edward Island,Ile-du-Prince-edouard,Unspecified,Indeterminee,0,0,0,0
2010,2010,QC,Quebec,Quebec,Human activity,Activites humaines,36000.1,36000.1,497,497
2010,2010,QC,Quebec,Quebec,Lightning,Foudre,278883.9,278883.9,242,242
2010,2010,QC,Quebec,Quebec,Prescribed burn,Brulage dirige,30,30,1,1
2010,2010,SK,Saskatchewan,Saskatchewan,Human activity,Activites humaines,208262.31,208262.31,233,233
2010,2010,SK,Saskatchewan,Saskatchewan,Lightning,Foudre,1526789.11,1526789.11,345,345
2010,2010,SK,Saskatchewan,Saskatchewan,Prescribed burn,Brulage dirige,284.7,284.7,4,4
2010,2010,YT,Yukon,Yukon,Human activity,Activites humaines,5261.58,5261.58,39,39
2010,2010,YT,Yukon,Yukon,Lightning,Foudre,141701.69,141701.69,50,50
2011,2011,AB,Alberta,Alberta,Human activity,Activites humaines,142949.63,142949.63,928,928
2011,2011,AB,Alberta,Alberta,Lightning,Foudre,97628.15,97628.15,232,232
2011,2011,AB,Alberta,Alberta,Prescribed burn,Brulage dirige,1423.2,1423.2,13,13
2011,2011,AB,Alberta,Alberta,Reburn,Rebrulage,0.16,0.16,5,5
2011,2011,AB,Alberta,Alberta,Unspecified,Indeterminee,650231.14,650231.14,30,30
2011,2011,BC,British Columbia,Colombie-Britannique,Human activity,Activites humaines,1183.301,1183.301,470,470
2011,2011,BC,British Columbia,Colombie-Britannique,Lightning,Foudre,11379.726,11379.726,210,210
2011,2011,BC,British Columbia,Colombie-Britannique,Prescribed burn,Brulage dirige,585,585,3,3
2011,2011,BC,British Columbia,Colombie-Britannique,Unspecified,Indeterminee,5,5,1,1
2011,2011,MB,Manitoba,Manitoba,Human activity,Activites humaines,26229.3,26229.3,158,158
2011,2011,MB,Manitoba,Manitoba,Lightning,Foudre,100615.2,100615.2,159,159
2011,2011,MB,Manitoba,Manitoba,Prescribed burn,Brulage dirige,1967,1967,5,5
2011,2011,MB,Manitoba,Manitoba,Unspecified,Indeterminee,0.25,0.25,1,1
2011,2011,NB,New Brunswick,Nouveau-Brunswick,Human activity,Activites humaines,33.4,33.4,55,55
2011,2011,NB,New Brunswick,Nouveau-Brunswick,Lightning,Foudre,2.2,2.2,4,4
2011,2011,NB,New Brunswick,Nouveau-Brunswick,Unspecified,Indeterminee,1.9,1.9,8,8
2011,2011,NL,Newfoundland and Labrador,Terre-Neuve-et-Labrador,Human activity,Activites humaines,38.5,38.5,35,35
2011,2011,NL,Newfoundland and Labrador,Terre-Neuve-et-Labrador,Unspecified,Indeterminee,387.21487,387.21487,7,7
2011,2011,NS,Nova Scotia,Nouvelle-Ecosse,Unspecified,Indeterminee,150.27,150.27,114,114
2011,2011,NT,Northwest Territories,Territoires du Nord-Ouest,Human activity,Activites humaines,151.17,151.17,25,25
2011,2011,NT,Northwest Territories,Territoires du Nord-Ouest,Lightning,Foudre,329462.2675,329462.2675,168,168
2011,2011,NT,Northwest Territories,Territoires du Nord-Ouest,Unspecified,Indeterminee,71.3871,71.3871,8,8
2011,2011,ON,Ontario,Ontario,Human activity,Activites humaines,1851.500001,1851.500001,458,458
2011,2011,ON,Ontario,Ontario,Lightning,Foudre,632086.6,632086.6,847,847
2011,2011,ON,Ontario,Ontario,Prescribed burn,Brulage dirige,600.4,600.4,2,2
2011,2011,ON,Ontario,Ontario,Unspecified,Indeterminee,1437.6,1437.6,33,33
2011,2011,PE,Prince Edward Island,Ile-du-Prince-edouard,Human activity,Activites humaines,5,5,3,3
2011,2011,PE,Prince Edward Island,Ile-du-Prince-edouard,Lightning,Foudre,0,0,0,0
2011,2011,PE,Prince Edward Island,Ile-du-Prince-edouard,Unspecified,Indeterminee,1,1,1,1
2011,2011,QC,Quebec,Quebec,Human activity,Activites humaines,2272.701,2272.701,232,232
2011,2011,QC,Quebec,Quebec,Lightning,Foudre,10124.8,10124.8,98,98
2011,2011,QC,Quebec,Quebec,Prescribed burn,Brulage dirige,1.2,1.2,1,1
2011,2011,SK,Saskatchewan,Saskatchewan,Human activity,Activites humaines,55505.7,55505.7,241,241
2011,2011,SK,Saskatchewan,Saskatchewan,Lightning,Foudre,288341.69,288341.69,66,66
2011,2011,SK,Saskatchewan,Saskatchewan,Prescribed burn,Brulage dirige,240,240,1,1
2011,2011,YT,Yukon,Yukon,Human activity,Activites humaines,119.88,119.88,16,16
2011,2011,YT,Yukon,Yukon,Lightning,Foudre,40344.45,40344.45,40,40
2012,2012,AB,Alberta,Alberta,Human activity,Activites humaines,7553.321,7553.321,1133,1133
2012,2012,AB,Alberta,Alberta,Lightning,Foudre,644114.83,644114.83,470,470
2012,2012,AB,Alberta,Alberta,Prescribed burn,Brulage dirige,2,2,1,1
2012,2012,AB,Alberta,Alberta,Unspecified,Indeterminee,414.3,414.3,42,42
2012,2012,BC,British Columbia,Colombie-Britannique,Human activity,Activites humaines,5606.907,5606.907,705,705
2012,2012,BC,British Columbia,Colombie-Britannique,Lightning,Foudre,97611.864,97611.864,954,954
2012,2012,MB,Manitoba,Manitoba,Human activity,Activites humaines,21027,21027,205,205
2012,2012,MB,Manitoba,Manitoba,Lightning,Foudre,195861.4,195861.4,293,293
2012,2012,MB,Manitoba,Manitoba,Unspecified,Indeterminee,620,620,1,1
2012,2012,NB,New Brunswick,Nouveau-Brunswick,Human activity,Activites humaines,287.9,287.9,277,277
2012,2012,NB,New Brunswick,Nouveau-Brunswick,Lightning,Foudre,0.8,0.8,6,6
2012,2012,NB,New Brunswick,Nouveau-Brunswick,Unspecified,Indeterminee,72.4,72.4,55,55
2012,2012,NL,Newfoundland and Labrador,Terre-Neuve-et-Labrador,Human activity,Activites humaines,1671.9,1671.9,109,109
2012,2012,NL,Newfoundland and Labrador,Terre-Neuve-et-Labrador,Lightning,Foudre,109.1,109.1,2,2
2012,2012,NL,Newfoundland and Labrador,Terre-Neuve-et-Labrador,Unspecified,Indeterminee,27501.68559,27501.68559,27,27
2012,2012,NS,Nova Scotia,Nouvelle-Ecosse,Lightning,Foudre,2.5,2.5,1,1
2012,2012,NS,Nova Scotia,Nouvelle-Ecosse,Unspecified,Indeterminee,361.81,361.81,352,352
2012,2012,NT,Northwest Territories,Territoires du Nord-Ouest,Human activity,Activites humaines,597.3,597.3,29,29
2012,2012,NT,Northwest Territories,Territoires du Nord-Ouest,Lightning,Foudre,301322.84,301322.84,253,253
2012,2012,NT,Northwest Territories,Territoires du Nord-Ouest,Unspecified,Indeterminee,2615.22,2615.22,7,7
2012,2012,ON,Ontario,Ontario,Human activity,Activites humaines,43439.0501,43439.0501,614,614
2012,2012,ON,Ontario,Ontario,Lightning,Foudre,107923.3,107923.3,985,985
2012,2012,ON,Ontario,Ontario,Prescribed burn,Brulage dirige,1444.2,1444.2,6,6
2012,2012,ON,Ontario,Ontario,Unspecified,Indeterminee,236.1999998,236.1999998,30,30
2012,2012,PE,Prince Edward Island,Ile-du-Prince-edouard,Human activity,Activites humaines,11,11,7,7
2012,2012,PE,Prince Edward Island,Ile-du-Prince-edouard,Lightning,Foudre,0,0,0,0
2012,2012,PE,Prince Edward Island,Ile-du-Prince-edouard,Unspecified,Indeterminee,1,1,1,1
2012,2012,QC,Quebec,Quebec,Human activity,Activites humaines,24781.701,24781.701,522,522
2012,2012,QC,Quebec,Quebec,Lightning,Foudre,39261.4,39261.4,274,274
2012,2012,QC,Quebec,Quebec,Prescribed burn,Brulage dirige,1.1,1.1,2,2
2012,2012,SK,Saskatchewan,Saskatchewan,Human activity,Activites humaines,6861.42,6861.42,215,215
2012,2012,SK,Saskatchewan,Saskatchewan,Lightning,Foudre,220913.8,220913.8,204,204
2012,2012,SK,Saskatchewan,Saskatchewan,Prescribed burn,Brulage dirige,1180,1180,7,7
2012,2012,SK,Saskatchewan,Saskatchewan,Unspecified,Indeterminee,1.1,1.1,2,2
2012,2012,YT,Yukon,Yukon,Human activity,Activites humaines,6.97,6.97,35,35
2012,2012,YT,Yukon,Yukon,Lightning,Foudre,58273.73,58273.73,92,92
2013,2013,AB,Alberta,Alberta,Human activity,Activites humaines,2101.11,2101.11,892,892
2013,2013,AB,Alberta,Alberta,Lightning,Foudre,48634.44,48634.44,337,337
2013,2013,AB,Alberta,Alberta,Prescribed burn,Brulage dirige,166.8,166.8,7,7
2013,2013,AB,Alberta,Alberta,Unspecified,Indeterminee,4830.4,4830.4,43,43
2013,2013,BC,British Columbia,Colombie-Britannique,Human activity,Activites humaines,4954.3372,4954.3372,572,572
2013,2013,BC,British Columbia,Colombie-Britannique,Lightning,Foudre,13882.003,13882.003,1306,1306
2013,2013,BC,British Columbia,Colombie-Britannique,Unspecified,Indeterminee,0,0,1,1
2013,2013,MB,Manitoba,Manitoba,Human activity,Activites humaines,895.6,895.6,192,192
2013,2013,MB,Manitoba,Manitoba,Lightning,Foudre,1114519.2,1114519.2,302,302
2013,2013,MB,Manitoba,Manitoba,Prescribed burn,Brulage dirige,42,42,2,2
2013,2013,NB,New Brunswick,Nouveau-Brunswick,Human activity,Activites humaines,845.5,845.5,315,315
2013,2013,NB,New Brunswick,Nouveau-Brunswick,Lightning,Foudre,0.2,0.2,2,2
2013,2013,NB,New Brunswick,Nouveau-Brunswick,Unspecified,Indeterminee,34.4,34.4,36,36
2013,2013,NL,Newfoundland and Labrador,Terre-Neuve-et-Labrador,Human activity,Activites humaines,27668.735,27668.735,70,70
2013,2013,NL,Newfoundland and Labrador,Terre-Neuve-et-Labrador,Lightning,Foudre,2474.861,2474.861,1,1
2013,2013,NS,Nova Scotia,Nouvelle-Ecosse,Human activity,Activites humaines,295.217,295.217,157,157
2013,2013,NS,Nova Scotia,Nouvelle-Ecosse,Lightning,Foudre,0.1,0.1,1,1
2013,2013,NS,Nova Scotia,Nouvelle-Ecosse,Prescribed burn,Brulage dirige,6.06,6.06,3,3
2013,2013,NS,Nova Scotia,Nouvelle-Ecosse,Unspecified,Indeterminee,6.03,6.03,13,13
2013,2013,NT,Northwest Territories,Territoires du Nord-Ouest,Human activity,Activites humaines,1188.4,1188.4,16,16
2013,2013,NT,Northwest Territories,Territoires du Nord-Ouest,Lightning,Foudre,553870.82,553870.82,241,241
2013,2013,ON,Ontario,Ontario,Human activity,Activites humaines,823.7000011,823.7000011,330,330
2013,2013,ON,Ontario,Ontario,Lightning,Foudre,50216.4,50216.4,239,239
2013,2013,ON,Ontario,Ontario,Prescribed burn,Brulage dirige,0.5,0.5,1,1
2013,2013,ON,Ontario,Ontario,Unspecified,Indeterminee,49.89999852,49.89999852,12,12
2013,2013,PE,Prince Edward Island,Ile-du-Prince-edouard,Human activity,Activites humaines,0,0,1,1
2013,2013,PE,Prince Edward Island,Ile-du-Prince-edouard,Human activity,Activites humaines,0,0,8,8
2013,2013,PE,Prince Edward Island,Ile-du-Prince-edouard,Human activity,Activites humaines,76,76,1,1
2013,2013,PE,Prince Edward Island,Ile-du-Prince-edouard,Human activity,Activites humaines,76,76,8,8
2013,2013,PE,Prince Edward Island,Ile-du-Prince-edouard,Lightning,Foudre,0,0,0,0
2013,2013,PE,Prince Edward Island,Ile-du-Prince-edouard,Unspecified,Indeterminee,5,5,2,2
2013,2013,QC,Quebec,Quebec,Human activity,Activites humaines,17130.83,17130.83,377,377
2013,2013,QC,Quebec,Quebec,Lightning,Foudre,1855711.5,1855711.5,151,151
2013,2013,SK,Saskatchewan,Saskatchewan,Human activity,Activites humaines,12218.22,12218.22,281,281
2013,2013,SK,Saskatchewan,Saskatchewan,Lightning,Foudre,356634.5,356634.5,160,160
2013,2013,SK,Saskatchewan,Saskatchewan,Prescribed burn,Brulage dirige,905.8,905.8,7,7
2013,2013,SK,Saskatchewan,Saskatchewan,Unspecified,Indeterminee,0.01,0.01,1,1
2013,2013,YT,Yukon,Yukon,Human activity,Activites humaines,6.45,6.45,21,21
2013,2013,YT,Yukon,Yukon,Lightning,Foudre,198307.34,198307.34,156,156
2014,2014,AB,Alberta,Alberta,Human activity,Activites humaines,1203.841,1203.841,865,865
2014,2014,AB,Alberta,Alberta,Lightning,Foudre,286625.28,286625.28,609,609
2014,2014,AB,Alberta,Alberta,Prescribed burn,Brulage dirige,201,201,3,3
2014,2014,AB,Alberta,Alberta,Unspecified,Indeterminee,19.12,19.12,29,29
2014,2014,BC,British Columbia,Colombie-Britannique,Human activity,Activites humaines,8085.2051,8085.2051,655,655
2014,2014,BC,British Columbia,Colombie-Britannique,Lightning,Foudre,360841.332,360841.332,820,820
2014,2014,BC,British Columbia,Colombie-Britannique,Prescribed burn,Brulage dirige,1,1,1,1
2014,2014,BC,British Columbia,Colombie-Britannique,Unspecified,Indeterminee,0.45,0.45,2,2
2014,2014,MB,Manitoba,Manitoba,Human activity,Activites humaines,1171.5,1171.5,115,115
2014,2014,MB,Manitoba,Manitoba,Lightning,Foudre,37936.4,37936.4,130,130
2014,2014,MB,Manitoba,Manitoba,Prescribed burn,Brulage dirige,100,100,1,1
2014,2014,NB,New Brunswick,Nouveau-Brunswick,Human activity,Activites humaines,101.3,101.3,154,154
2014,2014,NB,New Brunswick,Nouveau-Brunswick,Lightning,Foudre,0.5,0.5,4,4
2014,2014,NB,New Brunswick,Nouveau-Brunswick,Unspecified,Indeterminee,11.3,11.3,22,22
2014,2014,NL,Newfoundland and Labrador,Terre-Neuve-et-Labrador,Prescribed burn,Brulage dirige,4.36,4.36,1,1
2014,2014,NL,Newfoundland and Labrador,Terre-Neuve-et-Labrador,Unspecified,Indeterminee,8832,8832,1,1
2014,2014,NS,Nova Scotia,Nouvelle-Ecosse,Human activity,Activites humaines,536.6107,536.6107,157,157
2014,2014,NS,Nova Scotia,Nouvelle-Ecosse,Unspecified,Indeterminee,27.86,27.86,15,15
2014,2014,NT,Northwest Territories,Territoires du Nord-Ouest,Human activity,Activites humaines,10616.38,10616.38,18,18
2014,2014,NT,Northwest Territories,Territoires du Nord-Ouest,Lightning,Foudre,3410696.14,3410696.14,370,370
2014,2014,ON,Ontario,Ontario,Human activity,Activites humaines,241.9000009,241.9000009,180,180
2014,2014,ON,Ontario,Ontario,Lightning,Foudre,5143.7,5143.7,117,117
2014,2014,ON,Ontario,Ontario,Prescribed burn,Brulage dirige,985,985,6,6
2014,2014,ON,Ontario,Ontario,Unspecified,Indeterminee,0.900000011,0.900000011,6,6
2014,2014,PE,Prince Edward Island,Ile-du-Prince-edouard,Human activity,Activites humaines,3,3,4,4
2014,2014,PE,Prince Edward Island,Ile-du-Prince-edouard,Lightning,Foudre,,,,
2014,2014,PE,Prince Edward Island,Ile-du-Prince-edouard,Unspecified,Indeterminee,,,,
2014,2014,QC,Quebec,Quebec,Human activity,Activites humaines,8416.501,8416.501,225,225
2014,2014,QC,Quebec,Quebec,Lightning,Foudre,55304.2,55304.2,68,68
2014,2014,QC,Quebec,Quebec,Prescribed burn,Brulage dirige,182,182,3,3
2014,2014,SK,Saskatchewan,Saskatchewan,Human activity,Activites humaines,15529.66,15529.66,209,209
2014,2014,SK,Saskatchewan,Saskatchewan,Lightning,Foudre,327253.82,327253.82,194,194
2014,2014,SK,Saskatchewan,Saskatchewan,Prescribed burn,Brulage dirige,2425,2425,2,2
2014,2014,YT,Yukon,Yukon,Human activity,Activites humaines,23.581,23.581,18,18
2014,2014,YT,Yukon,Yukon,Lightning,Foudre,3137.013,3137.013,16,16
2015,2015,AB,Alberta,Alberta,Human activity,Activites humaines,38618.049,38618.049,1033,1033
2015,2015,AB,Alberta,Alberta,Lightning,Foudre,801712.27,801712.27,829,829
2015,2015,AB,Alberta,Alberta,Prescribed burn,Brulage dirige,2972.4,2972.4,7,7
2015,2015,AB,Alberta,Alberta,Unspecified,Indeterminee,570.39,570.39,83,83
2015,2015,BC,British Columbia,Colombie-Britannique,Human activity,Activites humaines,57127.006,57127.006,625,625
2015,2015,BC,British Columbia,Colombie-Britannique,Lightning,Foudre,223740.766,223740.766,1245,1245
2015,2015,BC,British Columbia,Colombie-Britannique,Prescribed burn,Brulage dirige,90,90,1,1
2015,2015,MB,Manitoba,Manitoba,Human activity,Activites humaines,6778.6,6778.6,164,164
2015,2015,MB,Manitoba,Manitoba,Lightning,Foudre,61353,61353,295,295
2015,2015,MB,Manitoba,Manitoba,Prescribed burn,Brulage dirige,1055,1055,2,2
2015,2015,MB,Manitoba,Manitoba,Unspecified,Indeterminee,6.1,6.1,2,2
2015,2015,NB,New Brunswick,Nouveau-Brunswick,Human activity,Activites humaines,197.9,197.9,186,186
2015,2015,NB,New Brunswick,Nouveau-Brunswick,Lightning,Foudre,45.6,45.6,8,8
2015,2015,NB,New Brunswick,Nouveau-Brunswick,Unspecified,Indeterminee,19,19,28,28
2015,2015,NL,Newfoundland and Labrador,Terre-Neuve-et-Labrador,Human activity,Activites humaines,9.9,9.9,6,6
2015,2015,NL,Newfoundland and Labrador,Terre-Neuve-et-Labrador,Lightning,Foudre,3579.9,3579.9,19,19
2015,2015,NL,Newfoundland and Labrador,Terre-Neuve-et-Labrador,Prescribed burn,Brulage dirige,81.5,81.5,2,2
2015,2015,NS,Nova Scotia,Nouvelle-Ecosse,Human activity,Activites humaines,511.5599,511.5599,236,236
2015,2015,NS,Nova Scotia,Nouvelle-Ecosse,Prescribed burn,Brulage dirige,33.8,33.8,1,1
2015,2015,NS,Nova Scotia,Nouvelle-Ecosse,Unspecified,Indeterminee,5.29,5.29,12,12
2015,2015,NT,Northwest Territories,Territoires du Nord-Ouest,Human activity,Activites humaines,4.05,4.05,16,16
2015,2015,NT,Northwest Territories,Territoires du Nord-Ouest,Lightning,Foudre,722102.59,722102.59,241,241
2015,2015,ON,Ontario,Ontario,Human activity,Activites humaines,1243.500102,1243.500102,345,345
2015,2015,ON,Ontario,Ontario,Lightning,Foudre,38063.8,38063.8,319,319
2015,2015,ON,Ontario,Ontario,Prescribed burn,Brulage dirige,3421,3421,4,4
2015,2015,ON,Ontario,Ontario,Unspecified,Indeterminee,5.600000104,5.600000104,7,7
2015,2015,PE,Prince Edward Island,Ile-du-Prince-edouard,Human activity,Activites humaines,3,3,5,5
2015,2015,PE,Prince Edward Island,Ile-du-Prince-edouard,Lightning,Foudre,,,,
2015,2015,PE,Prince Edward Island,Ile-du-Prince-edouard,Unspecified,Indeterminee,,,,
2015,2015,QC,Quebec,Quebec,Human activity,Activites humaines,1460.7001,1460.7001,340,340
2015,2015,QC,Quebec,Quebec,Lightning,Foudre,3919.3,3919.3,46,46
2015,2015,QC,Quebec,Quebec,Prescribed burn,Brulage dirige,778.2,778.2,6,6
2015,2015,SK,Saskatchewan,Saskatchewan,Human activity,Activites humaines,41757.38082,41757.38082,344,344
2015,2015,SK,Saskatchewan,Saskatchewan,Lightning,Foudre,1725597.369,1725597.369,384,384
2015,2015,SK,Saskatchewan,Saskatchewan,Prescribed burn,Brulage dirige,1673.2,1673.2,7,7
2015,2015,YT,Yukon,Yukon,Human activity,Activites humaines,41.9,41.9,24,24
2015,2015,YT,Yukon,Yukon,Lightning,Foudre,169800.71,169800.71,162,162
2016,2016,AB,Alberta,Alberta,Human activity,Activites humaines,1134.3302,1134.3302,878,878
2016,2016,AB,Alberta,Alberta,Lightning,Foudre,27284.37,27284.37,537,537
2016,2016,AB,Alberta,Alberta,Prescribed burn,Brulage dirige,838.1,838.1,7,7
2016,2016,AB,Alberta,Alberta,Unspecified,Indeterminee,485908.49,485908.49,63,63
2016,2016,BC,British Columbia,Colombie-Britannique,Human activity,Activites humaines,93320.658,93320.658,584,584
2016,2016,BC,British Columbia,Colombie-Britannique,Lightning,Foudre,7057.453,7057.453,489,489
2016,2016,BC,British Columbia,Colombie-Britannique,Prescribed burn,Brulage dirige,68.7,68.7,2,2
2016,2016,MB,Manitoba,Manitoba,Human activity,Activites humaines,6700.62,6700.62,108,108
2016,2016,MB,Manitoba,Manitoba,Lightning,Foudre,31706.9,31706.9,96,96
2016,2016,MB,Manitoba,Manitoba,Prescribed burn,Brulage dirige,750,750,2,2
2016,2016,MB,Manitoba,Manitoba,Unspecified,Indeterminee,0.01,0.01,1,1
2016,2016,NB,New Brunswick,Nouveau-Brunswick,Human activity,Activites humaines,199.2,199.2,238,238
2016,2016,NB,New Brunswick,Nouveau-Brunswick,Lightning,Foudre,21.7,21.7,13,13
2016,2016,NB,New Brunswick,Nouveau-Brunswick,Unspecified,Indeterminee,43.9,43.9,34,34
2016,2016,NL,Newfoundland and Labrador,Terre-Neuve-et-Labrador,Human activity,Activites humaines,0.4,0.4,4,4
2016,2016,NL,Newfoundland and Labrador,Terre-Neuve-et-Labrador,Lightning,Foudre,10602.9,10602.9,13,13
2016,2016,NL,Newfoundland and Labrador,Terre-Neuve-et-Labrador,Prescribed burn,Brulage dirige,134,134,1,1
2016,2016,NS,Nova Scotia,Nouvelle-Ecosse,Human activity,Activites humaines,774.987,774.987,246,246
2016,2016,NS,Nova Scotia,Nouvelle-Ecosse,Lightning,Foudre,17.551,17.551,11,11
2016,2016,NS,Nova Scotia,Nouvelle-Ecosse,Prescribed burn,Brulage dirige,4.5,4.5,2,2
2016,2016,NS,Nova Scotia,Nouvelle-Ecosse,Unspecified,Indeterminee,10.186,10.186,12,12
2016,2016,NT,Northwest Territories,Territoires du Nord-Ouest,Human activity,Activites humaines,7819.08,7819.08,17,17
2016,2016,NT,Northwest Territories,Territoires du Nord-Ouest,Lightning,Foudre,247704.78,247704.78,176,176
2016,2016,ON,Ontario,Ontario,Human activity,Activites humaines,6115.9501,6115.9501,454,454
2016,2016,ON,Ontario,Ontario,Lightning,Foudre,76921.7001,76921.7001,174,174
2016,2016,ON,Ontario,Ontario,Prescribed burn,Brulage dirige,3096.3538,3096.3538,5,5
2016,2016,ON,Ontario,Ontario,Unspecified,Indeterminee,76.30109999,76.30109999,24,24
2016,2016,PE,Prince Edward Island,Ile-du-Prince-edouard,Human activity,Activites humaines,33,33,8,8
2016,2016,PE,Prince Edward Island,Ile-du-Prince-edouard,Lightning,Foudre,0,0,0,0
2016,2016,PE,Prince Edward Island,Ile-du-Prince-edouard,Unspecified,Indeterminee,0,0,0,0
2016,2016,QC,Quebec,Quebec,Human activity,Activites humaines,334.415,334.415,433,433
2016,2016,QC,Quebec,Quebec,Lightning,Foudre,33036.4,33036.4,171,171
2016,2016,QC,Quebec,Quebec,Prescribed burn,Brulage dirige,562.5,562.5,3,3
2016,2016,SK,Saskatchewan,Saskatchewan,Human activity,Activites humaines,2773.52,2773.52,232,232
2016,2016,SK,Saskatchewan,Saskatchewan,Lightning,Foudre,251990.9,251990.9,171,171
2016,2016,SK,Saskatchewan,Saskatchewan,Prescribed burn,Brulage dirige,1025,1025,4,4
2016,2016,SK,Saskatchewan,Saskatchewan,Unspecified,Indeterminee,0,0,1,1
2016,2016,YT,Yukon,Yukon,Human activity,Activites humaines,2.28,2.28,24,24
2016,2016,YT,Yukon,Yukon,Lightning,Foudre,21535.12,21535.12,29,29
2017,2017,AB,Alberta,Alberta,Human activity,Activites humaines,6834.10351,6834.10351,834,834
2017,2017,AB,Alberta,Alberta,Lightning,Foudre,116704.42,116704.42,448,448
2017,2017,AB,Alberta,Alberta,Prescribed burn,Brulage dirige,866.6,866.6,3,3
2017,2017,AB,Alberta,Alberta,Unspecified,Indeterminee,25364.3401,25364.3401,45,45
2017,2017,BC,British Columbia,Colombie-Britannique,Human activity,Activites humaines,225058.1451,225058.1451,574,574
2017,2017,BC,British Columbia,Colombie-Britannique,Lightning,Foudre,1004755.709,1004755.709,821,821
2017,2017,BC,British Columbia,Colombie-Britannique,Prescribed burn,Brulage dirige,45,45,1,1
2017,2017,BC,British Columbia,Colombie-Britannique,Unspecified,Indeterminee,1.328,1.328,4,4
2017,2017,MB,Manitoba,Manitoba,Human activity,Activites humaines,1368.053,1368.053,143,143
2017,2017,MB,Manitoba,Manitoba,Lightning,Foudre,223055.6,223055.6,423,423
2017,2017,NB,New Brunswick,Nouveau-Brunswick,Human activity,Activites humaines,530.3,530.3,182,182
2017,2017,NB,New Brunswick,Nouveau-Brunswick,Lightning,Foudre,19.7,19.7,29,29
2017,2017,NB,New Brunswick,Nouveau-Brunswick,Unspecified,Indeterminee,17.9,17.9,34,34
2017,2017,NL,Newfoundland and Labrador,Terre-Neuve-et-Labrador,Human activity,Activites humaines,62.301,62.301,78,78
2017,2017,NL,Newfoundland and Labrador,Terre-Neuve-et-Labrador,Lightning,Foudre,637.5,637.5,3,3
2017,2017,NL,Newfoundland and Labrador,Terre-Neuve-et-Labrador,Unspecified,Indeterminee,0.15,0.15,1,1
2017,2017,NS,Nova Scotia,Nouvelle-Ecosse,Human activity,Activites humaines,572.78,572.78,176,176
2017,2017,NS,Nova Scotia,Nouvelle-Ecosse,Prescribed burn,Brulage dirige,0.3,0.3,1,1
2017,2017,NT,Northwest Territories,Territoires du Nord-Ouest,Human activity,Activites humaines,11.14,11.14,19,19
2017,2017,NT,Northwest Territories,Territoires du Nord-Ouest,Lightning,Foudre,1033065.67,1033065.67,249,249
2017,2017,ON,Ontario,Ontario,Human activity,Activites humaines,87.40000084,87.40000084,209,209
2017,2017,ON,Ontario,Ontario,Lightning,Foudre,112233,112233,556,556
2017,2017,ON,Ontario,Ontario,Prescribed burn,Brulage dirige,445.356,445.356,4,4
2017,2017,ON,Ontario,Ontario,Unspecified,Indeterminee,164.1999996,164.1999996,12,12
2017,2017,PE,Prince Edward Island,Ile-du-Prince-edouard,Human activity,Activites humaines,0,0,4,4
2017,2017,PE,Prince Edward Island,Ile-du-Prince-edouard,Lightning,Foudre,0,0,0,0
2017,2017,PE,Prince Edward Island,Ile-du-Prince-edouard,Unspecified,Indeterminee,7,7,0,0
2017,2017,QC,Quebec,Quebec,Human activity,Activites humaines,1692.711,1692.711,236,236
2017,2017,QC,Quebec,Quebec,Lightning,Foudre,36699.2,36699.2,83,83
2017,2017,QC,Quebec,Quebec,Prescribed burn,Brulage dirige,52.8,52.8,3,3
2017,2017,SK,Saskatchewan,Saskatchewan,Human activity,Activites humaines,451.204,451.204,195,195
2017,2017,SK,Saskatchewan,Saskatchewan,Lightning,Foudre,398566.7,398566.7,169,169
2017,2017,SK,Saskatchewan,Saskatchewan,Prescribed burn,Brulage dirige,779.5,779.5,4,4
2017,2017,YT,Yukon,Yukon,Human activity,Activites humaines,18.7,18.7,22,22
2017,2017,YT,Yukon,Yukon,Lightning,Foudre,399261.45,399261.45,93,93
2018,2018,AB,Alberta,Alberta,Human activity,Activites humaines,1891.8231,1891.8231,782,782
2018,2018,AB,Alberta,Alberta,Lightning,Foudre,69845.44,69845.44,535,535
2018,2018,AB,Alberta,Alberta,Prescribed burn,Brulage dirige,339,339,2,2
2018,2018,AB,Alberta,Alberta,Unspecified,Indeterminee,12941.242,12941.242,63,63
2018,2018,BC,British Columbia,Colombie-Britannique,Human activity,Activites humaines,121607.612,121607.612,542,542
2018,2018,BC,British Columbia,Colombie-Britannique,Lightning,Foudre,1236348.797,1236348.797,1557,1557
2018,2018,BC,British Columbia,Colombie-Britannique,Prescribed burn,Brulage dirige,15,15,2,2
2018,2018,BC,British Columbia,Colombie-Britannique,Unspecified,Indeterminee,2963.863,2963.863,22,22
2018,2018,MB,Manitoba,Manitoba,Human activity,Activites humaines,78904.02,78904.02,236,236
2018,2018,MB,Manitoba,Manitoba,Lightning,Foudre,155520.8,155520.8,245,245
2018,2018,MB,Manitoba,Manitoba,Prescribed burn,Brulage dirige,2.5,2.5,1,1
2018,2018,MB,Manitoba,Manitoba,Unspecified,Indeterminee,50,50,1,1
2018,2018,NB,New Brunswick,Nouveau-Brunswick,Human activity,Activites humaines,250.1,250.1,229,229
2018,2018,NB,New Brunswick,Nouveau-Brunswick,Lightning,Foudre,16.5,16.5,19,19
2018,2018,NB,New Brunswick,Nouveau-Brunswick,Unspecified,Indeterminee,44.3,44.3,37,37
2018,2018,NL,Newfoundland and Labrador,Terre-Neuve-et-Labrador,Human activity,Activites humaines,355.2,355.2,127,127
2018,2018,NL,Newfoundland and Labrador,Terre-Neuve-et-Labrador,Lightning,Foudre,40.3,40.3,4,4
2018,2018,NL,Newfoundland and Labrador,Terre-Neuve-et-Labrador,Unspecified,Indeterminee,0,0,1,1
2018,2018,NS,Nova Scotia,Nouvelle-Ecosse,Human activity,Activites humaines,195.5200003,195.5200003,189,189
2018,2018,NS,Nova Scotia,Nouvelle-Ecosse,Lightning,Foudre,1.790000031,1.790000031,4,4
2018,2018,NS,Nova Scotia,Nouvelle-Ecosse,Prescribed burn,Brulage dirige,1,1,1,1
2018,2018,NS,Nova Scotia,Nouvelle-Ecosse,Unspecified,Indeterminee,0.06,0.06,2,2
2018,2018,NT,Northwest Territories,Territoires du Nord-Ouest,Human activity,Activites humaines,169.83,169.83,6,6
2018,2018,NT,Northwest Territories,Territoires du Nord-Ouest,Lightning,Foudre,22006.91,22006.91,57,57
2018,2018,ON,Ontario,Ontario,Human activity,Activites humaines,15994.2301,15994.2301,378,378
2018,2018,ON,Ontario,Ontario,Lightning,Foudre,249675.6,249675.6,943,943
2018,2018,ON,Ontario,Ontario,Prescribed burn,Brulage dirige,7.097,7.097,6,6
2018,2018,ON,Ontario,Ontario,Unspecified,Indeterminee,20.29999956,20.29999956,12,12
2018,2018,QC,Quebec,Quebec,Human activity,Activites humaines,15772.23,15772.23,400,400
2018,2018,QC,Quebec,Quebec,Lightning,Foudre,70488.6,70488.6,194,194
2018,2018,QC,Quebec,Quebec,Prescribed burn,Brulage dirige,55,55,2,2
2018,2018,QC,Quebec,Quebec,Unspecified,Indeterminee,0.5,0.5,1,1
2018,2018,SK,Saskatchewan,Saskatchewan,Human activity,Activites humaines,47161.1,47161.1,276,276
2018,2018,SK,Saskatchewan,Saskatchewan,Lightning,Foudre,108915.6,108915.6,170,170
2018,2018,SK,Saskatchewan,Saskatchewan,Prescribed burn,Brulage dirige,36656.2,36656.2,5,5
2018,2018,SK,Saskatchewan,Saskatchewan,Unspecified,Indeterminee,0.01,0.01,1,1
2018,2018,YT,Yukon,Yukon,Human activity,Activites humaines,6487.33,6487.33,18,18
2018,2018,YT,Yukon,Yukon,Lightning,Foudre,74098.16,74098.16,33,33
2019,2019,AB,Alberta,Alberta,Human activity,Activites humaines,3026.4831,3026.4831,728,728
2019,2019,AB,Alberta,Alberta,Lightning,Foudre,164061.64,164061.64,318,318
2019,2019,AB,Alberta,Alberta,Prescribed burn,Brulage dirige,141,141,2,2
2019,2019,AB,Alberta,Alberta,Unspecified,Indeterminee,836602.13,836602.13,33,33
2019,2019,BC,British Columbia,Colombie-Britannique,Human activity,Activites humaines,4665.847,4665.847,360,360
2019,2019,BC,British Columbia,Colombie-Britannique,Lightning,Foudre,15584.92,15584.92,380,380
2019,2019,BC,British Columbia,Colombie-Britannique,Prescribed burn,Brulage dirige,37.5,37.5,2,2
2019,2019,BC,British Columbia,Colombie-Britannique,Unspecified,Indeterminee,1256.097,1256.097,101,101
2019,2019,MB,Manitoba,Manitoba,Human activity,Activites humaines,7939.99001,7939.99001,149,149
2019,2019,MB,Manitoba,Manitoba,Lightning,Foudre,63324.4,63324.4,133,133
2019,2019,MB,Manitoba,Manitoba,Prescribed burn,Brulage dirige,39.4,39.4,1,1
2019,2019,MB,Manitoba,Manitoba,Unspecified,Indeterminee,33.1,33.1,1,1
2019,2019,NB,New Brunswick,Nouveau-Brunswick,Human activity,Activites humaines,183.6,183.6,152,152
2019,2019,NB,New Brunswick,Nouveau-Brunswick,Lightning,Foudre,14.1,14.1,14,14
2019,2019,NB,New Brunswick,Nouveau-Brunswick,Unspecified,Indeterminee,30.1,30.1,17,17
2019,2019,NL,Newfoundland and Labrador,Terre-Neuve-et-Labrador,Human activity,Activites humaines,106.8,106.8,89,89
2019,2019,NL,Newfoundland and Labrador,Terre-Neuve-et-Labrador,Lightning,Foudre,209.2,209.2,10,10
2019,2019,NS,Nova Scotia,Nouvelle-Ecosse,Human activity,Activites humaines,133.57,133.57,137,137
2019,2019,NS,Nova Scotia,Nouvelle-Ecosse,Lightning,Foudre,0.9,0.9,2,2
2019,2019,NS,Nova Scotia,Nouvelle-Ecosse,Unspecified,Indeterminee,2.3,2.3,4,4
2019,2019,NT,Northwest Territories,Territoires du Nord-Ouest,Human activity,Activites humaines,4.54,4.54,20,20
2019,2019,NT,Northwest Territories,Territoires du Nord-Ouest,Lightning,Foudre,105162.63,105162.63,126,126
2019,2019,NT,Northwest Territories,Territoires du Nord-Ouest,Unspecified,Indeterminee,0.2,0.2,1,1
2019,2019,ON,Ontario,Ontario,Human activity,Activites humaines,16273.9001,16273.9001,278,278
2019,2019,ON,Ontario,Ontario,Lightning,Foudre,253445.7,253445.7,255,255
2019,2019,ON,Ontario,Ontario,Prescribed burn,Brulage dirige,0.84,0.84,2,2
2019,2019,ON,Ontario,Ontario,Unspecified,Indeterminee,5.600000007,5.600000007,6,6
2019,2019,QC,Quebec,Quebec,Human activity,Activites humaines,5087.1,5087.1,276,276
2019,2019,QC,Quebec,Quebec,Lightning,Foudre,4516.9,4516.9,81,81
2019,2019,QC,Quebec,Quebec,Prescribed burn,Brulage dirige,89.41,89.41,5,5
2019,2019,SK,Saskatchewan,Saskatchewan,Human activity,Activites humaines,1531.4,1531.4,178,178
2019,2019,SK,Saskatchewan,Saskatchewan,Lightning,Foudre,46622.3,46622.3,73,73
2019,2019,SK,Saskatchewan,Saskatchewan,Unspecified,Indeterminee,0,0,7,7
2019,2019,YT,Yukon,Yukon,Human activity,Activites humaines,1331.3,1331.3,33,33
2019,2019,YT,Yukon,Yukon,Lightning,Foudre,254735.32,254735.32,85,85
2020,2020,AB,Alberta,Alberta,Human activity,Activites humaines,2948.8633,2948.8633,681,681
2020,2020,AB,Alberta,Alberta,Lightning,Foudre,392.91,392.91,89,89
2020,2020,AB,Alberta,Alberta,Prescribed burn,Brulage dirige,1250,1250,2,2
2020,2020,AB,Alberta,Alberta,Unspecified,Indeterminee,206.25,206.25,28,28
2020,2020,BC,British Columbia,Colombie-Britannique,Human activity,Activites humaines,1011.667,1011.667,369,369
2020,2020,BC,British Columbia,Colombie-Britannique,Lightning,Foudre,11335.709,11335.709,277,277
2020,2020,BC,British Columbia,Colombie-Britannique,Prescribed burn,Brulage dirige,123.45,123.45,2,2
2020,2020,BC,British Columbia,Colombie-Britannique,Unspecified,Indeterminee,2200.637,2200.637,36,36
2020,2020,MB,Manitoba,Manitoba,Human activity,Activites humaines,34267.61,34267.61,81,81
2020,2020,MB,Manitoba,Manitoba,Lightning,Foudre,15035.11,15035.11,74,74
2020,2020,NB,New Brunswick,Nouveau-Brunswick,Human activity,Activites humaines,1223.7,1223.7,386,386
2020,2020,NB,New Brunswick,Nouveau-Brunswick,Lightning,Foudre,51.2,51.2,28,28
2020,2020,NB,New Brunswick,Nouveau-Brunswick,Unspecified,Indeterminee,114.6245,114.6245,52,52
2020,2020,NL,Newfoundland and Labrador,Terre-Neuve-et-Labrador,Human activity,Activites humaines,147.61,147.61,72,72
2020,2020,NL,Newfoundland and Labrador,Terre-Neuve-et-Labrador,Lightning,Foudre,4185,4185,24,24
2020,2020,NL,Newfoundland and Labrador,Terre-Neuve-et-Labrador,Unspecified,Indeterminee,1,1,1,1
2020,2020,NS,Nova Scotia,Nouvelle-Ecosse,Human activity,Activites humaines,677.629758,677.629758,161,161
2020,2020,NS,Nova Scotia,Nouvelle-Ecosse,Lightning,Foudre,18.364465,18.364465,16,16
2020,2020,NS,Nova Scotia,Nouvelle-Ecosse,Unspecified,Indeterminee,0.75,0.75,1,1
2020,2020,NT,Northwest Territories,Territoires du Nord-Ouest,Human activity,Activites humaines,370.55,370.55,19,19
2020,2020,NT,Northwest Territories,Territoires du Nord-Ouest,Lightning,Foudre,20768.48,20768.48,51,51
2020,2020,ON,Ontario,Ontario,Human activity,Activites humaines,985.3001,985.3001,231,231
2020,2020,ON,Ontario,Ontario,Lightning,Foudre,14470.6,14470.6,368,368
2020,2020,ON,Ontario,Ontario,Prescribed burn,Brulage dirige,3.57,3.57,2,2
2020,2020,ON,Ontario,Ontario,Unspecified,Indeterminee,24.4102,24.4102,13,13
2020,2020,QC,Quebec,Quebec,Human activity,Activites humaines,52089.501,52089.501,572,572
2020,2020,QC,Quebec,Quebec,Lightning,Foudre,7897.104,7897.104,138,138
2020,2020,QC,Quebec,Quebec,Prescribed burn,Brulage dirige,14.5,14.5,2,2
2020,2020,SK,Saskatchewan,Saskatchewan,Human activity,Activites humaines,41398.41,41398.41,136,136
2020,2020,SK,Saskatchewan,Saskatchewan,Lightning,Foudre,779.901,779.901,24,24
2020,2020,SK,Saskatchewan,Saskatchewan,Unspecified,Indeterminee,773.8,773.8,41,41
2020,2020,YT,Yukon,Yukon,Human activity,Activites humaines,11.7,11.7,11,11
2020,2020,YT,Yukon,Yukon,Lightning,Foudre,3452.22,3452.22,13,13
2021,2021,AB,Alberta,Alberta,Human activity,Activites humaines,1511.8077,1511.8077,929,929
2021,2021,AB,Alberta,Alberta,Lightning,Foudre,52474.78,52474.78,441,441
2021,2021,AB,Alberta,Alberta,Prescribed burn,Brulage dirige,296.39,296.39,7,7
2021,2021,AB,Alberta,Alberta,Unspecified,Indeterminee,11858.1401,11858.1401,49,49
2021,2021,BC,British Columbia,Colombie-Britannique,Human activity,Activites humaines,294381.339,294381.339,636,636
2021,2021,BC,British Columbia,Colombie-Britannique,Lightning,Foudre,570673.305,570673.305,980,980
2021,2021,BC,British Columbia,Colombie-Britannique,Unspecified,Indeterminee,1313.796,1313.796,47,47
2021,2021,MB,Manitoba,Manitoba,Human activity,Activites humaines,243012.3557,243012.3557,119,119
2021,2021,MB,Manitoba,Manitoba,Lightning,Foudre,883671.1962,883671.1962,369,369
2021,2021,MB,Manitoba,Manitoba,Prescribed burn,Brulage dirige,40,40,1,1
2021,2021,MB,Manitoba,Manitoba,Unspecified,Indeterminee,16038.10708,16038.10708,8,8
2021,2021,NB,New Brunswick,Nouveau-Brunswick,Human activity,Activites humaines,331.9,331.9,148,148
2021,2021,NB,New Brunswick,Nouveau-Brunswick,Lightning,Foudre,29.8,29.8,8,8
2021,2021,NB,New Brunswick,Nouveau-Brunswick,Unspecified,Indeterminee,18.4,18.4,23,23
2021,2021,NL,Newfoundland and Labrador,Terre-Neuve-et-Labrador,Human activity,Activites humaines,243.702,243.702,85,85
2021,2021,NL,Newfoundland and Labrador,Terre-Neuve-et-Labrador,Lightning,Foudre,98.8,98.8,4,4
2021,2021,NS,Nova Scotia,Nouvelle-Ecosse,Human activity,Activites humaines,192.4820006,192.4820006,107,107
2021,2021,NS,Nova Scotia,Nouvelle-Ecosse,Lightning,Foudre,4.659999904,4.659999904,6,6
2021,2021,NT,Northwest Territories,Territoires du Nord-Ouest,Human activity,Activites humaines,8.6,8.6,17,17
2021,2021,NT,Northwest Territories,Territoires du Nord-Ouest,Lightning,Foudre,197370.25,197370.25,131,131
2021,2021,NT,Northwest Territories,Territoires du Nord-Ouest,Unspecified,Indeterminee,63.4,63.4,1,1
2021,2021,ON,Ontario,Ontario,Human activity,Activites humaines,5535.9,5535.9,262,262
2021,2021,ON,Ontario,Ontario,Lightning,Foudre,779023.7,779023.7,934,934
2021,2021,ON,Ontario,Ontario,Prescribed burn,Brulage dirige,2.25,2.25,4,4
2021,2021,ON,Ontario,Ontario,Unspecified,Indeterminee,5.9006,5.9006,6,6
2021,2021,PC-TH,Parks Canada-TH,Parcs Canada-TH,Lightning,Foudre,109.3,109.3,2,2
2021,2021,QC,Quebec,Quebec,Human activity,Activites humaines,1113.405,1113.405,517,517
2021,2021,QC,Quebec,Quebec,Lightning,Foudre,48370.1,48370.1,109,109
2021,2021,QC,Quebec,Quebec,Prescribed burn,Brulage dirige,220.22,220.22,2,2
2021,2021,QC,Quebec,Quebec,Unspecified,Indeterminee,4,4,1,1
2021,2021,SK,Saskatchewan,Saskatchewan,Human activity,Activites humaines,6822.3002,6822.3002,256,256
2021,2021,SK,Saskatchewan,Saskatchewan,Lightning,Foudre,949453.2,949453.2,381,381
2021,2021,SK,Saskatchewan,Saskatchewan,Prescribed burn,Brulage dirige,128.2,128.2,3,3
2021,2021,SK,Saskatchewan,Saskatchewan,Unspecified,Indeterminee,0.5,0.5,2,2
2021,2021,YT,Yukon,Yukon,Human activity,Activites humaines,23.03,23.03,15,15
2021,2021,YT,Yukon,Yukon,Lightning,Foudre,14252.19,14252.19,98,98
2021,2021,YT,Yukon,Yukon,Unspecified,Indeterminee,200,200,1,1
2022,2022,AB,Alberta,Alberta,Unspecified,Indeterminee,137310,137310,1281,1281
2022,2022,BC,British Columbia,Colombie-Britannique,Unspecified,Indeterminee,135032,135032,1778,1778
2022,2022,MB,Manitoba,Manitoba,Unspecified,Indeterminee,165078,165078,224,224
2022,2022,NB,New Brunswick,Nouveau-Brunswick,Unspecified,Indeterminee,176,176,214,214
2022,2022,NL,Newfoundland and Labrador,Terre-Neuve-et-Labrador,Unspecified,Indeterminee,23886,23886,103,103
2022,2022,NS,Nova Scotia,Nouvelle-Ecosse,Unspecified,Indeterminee,3389,3389,152,152
2022,2022,NT,Northwest Territories,Territoires du Nord-Ouest,Unspecified,Indeterminee,708916,708916,262,262
2022,2022,ON,Ontario,Ontario,Unspecified,Indeterminee,2561,2561,275,275
2022,2022,PC,Parks Canada,Parcs Canada,Unspecified,Indeterminee,32840,32840,159,159
2022,2022,PE,Prince Edward Island,Ile-du-Prince-edouard,Unspecified,Indeterminee,0,0,2,2
2022,2022,QC,Quebec,Quebec,Unspecified,Indeterminee,29638,29638,449,449
2022,2022,SK,Saskatchewan,Saskatchewan,Unspecified,Indeterminee,244275,244275,445,445
2022,2022,YT,Yukon,Yukon,Unspecified,Indeterminee,171154,171154,295,295
