Year,Jurisdiction,Commodity,Trade type,Value (dollars),Unit of measure,Quantity
2000,Canada,Maple sugar,Exports,148327,Metric Tonne,16
2000,Canada,Maple sugar,Exports,174425,Metric Tonne,36
2000,Canada,Maple sugar,Exports,162254,Metric Tonne,19
2000,Canada,Maple sugar,Exports,15793,Metric Tonne,2
2000,Canada,Maple sugar,Exports,123291,Metric Tonne,12
2000,Canada,Maple sugar,Exports,217749,Metric Tonne,22
2000,Canada,Maple sugar,Exports,16571,Metric Tonne,3
2000,Canada,Maple sugar,Exports,362191,Metric Tonne,57
2000,Canada,Maple sugar,Exports,47795,Metric Tonne,7
2000,Canada,Maple sugar,Exports,319099,Metric Tonne,55
2000,Canada,Maple sugar,Exports,186883,Metric Tonne,19
2000,Canada,Maple sugar,Imports,1195,Metric Tonne,0
2000,Canada,Maple sugar,Imports,20150,Metric Tonne,3
2000,Canada,Maple sugar,Imports,2802,Metric Tonne,1
2000,Canada,Maple sugar,Imports,31,Metric Tonne,0
2000,Canada,Maple sugar,Imports,16,Metric Tonne,0
2000,Canada,Maple sugar,Imports,2657,Metric Tonne,0
2000,Canada,Maple sugar,Imports,99,Metric Tonne,0
2000,Canada,Maple sugar,Imports,22,Metric Tonne,0
2000,Canada,Maple sugar,Imports,674,Metric Tonne,0
2000,Canada,Maple sugar,Imports,368,Metric Tonne,0
2000,Canada,Maple syrup,Exports,10003009,Liters,1907320
2000,Canada,Maple syrup,Exports,8974295,Liters,1568430
2000,Canada,Maple syrup,Exports,9083125,Liters,1538950
2000,Canada,Maple syrup,Exports,6776464,Liters,1278896
2000,Canada,Maple syrup,Exports,10641614,Liters,2048559
2000,Canada,Maple syrup,Exports,8687277,Liters,1476587
2000,Canada,Maple syrup,Exports,8411462,Liters,1406394
2000,Canada,Maple syrup,Exports,8579814,Liters,1570004
2000,Canada,Maple syrup,Exports,8093158,Liters,1529919
2000,Canada,Maple syrup,Exports,7802782,Liters,1382448
2000,Canada,Maple syrup,Exports,7997227,Liters,1636343
2000,Canada,Maple syrup,Exports,9081220,Liters,1757957
2000,Canada,Maple syrup,Imports,68788,Liters,15094
2000,Canada,Maple syrup,Imports,30545,Liters,4040
2000,Canada,Maple syrup,Imports,38257,Liters,5279
2000,Canada,Maple syrup,Imports,93543,Liters,14923
2000,Canada,Maple syrup,Imports,179052,Liters,37371
2000,Canada,Maple syrup,Imports,295613,Liters,79883
2000,Canada,Maple syrup,Imports,167085,Liters,71394
2000,Canada,Maple syrup,Imports,93626,Liters,14877
2000,Canada,Maple syrup,Imports,190728,Liters,65587
2000,Canada,Maple syrup,Imports,39323,Liters,5498
2000,Canada,Maple syrup,Imports,53964,Liters,8442
2000,Canada,Maple syrup,Imports,162055,Liters,34706
2001,Canada,Maple sugar,Exports,66192,Metric Tonne,7
2001,Canada,Maple sugar,Exports,211160,Metric Tonne,21
2001,Canada,Maple sugar,Exports,20271,Metric Tonne,4
2001,Canada,Maple sugar,Exports,10468,Metric Tonne,1
2001,Canada,Maple sugar,Exports,122356,Metric Tonne,12
2001,Canada,Maple sugar,Exports,97716,Metric Tonne,13
2001,Canada,Maple sugar,Exports,132939,Metric Tonne,13
2001,Canada,Maple sugar,Exports,191070,Metric Tonne,16
2001,Canada,Maple sugar,Exports,73745,Metric Tonne,7
2001,Canada,Maple sugar,Exports,166035,Metric Tonne,18
2001,Canada,Maple sugar,Imports,119,Metric Tonne,0
2001,Canada,Maple sugar,Imports,608,Metric Tonne,0
2001,Canada,Maple sugar,Imports,24104,Metric Tonne,7
2001,Canada,Maple sugar,Imports,342,Metric Tonne,0
2001,Canada,Maple sugar,Imports,23163,Metric Tonne,6
2001,Canada,Maple sugar,Imports,9,Metric Tonne,0
2001,Canada,Maple sugar,Imports,226,Metric Tonne,0
2001,Canada,Maple sugar,Imports,24759,Metric Tonne,2
2001,Canada,Maple sugar,Imports,189,Metric Tonne,0
2001,Canada,Maple sugar,Imports,758,Metric Tonne,0
2001,Canada,Maple sugar,Imports,3846,Metric Tonne,1
2001,Canada,Maple syrup,Exports,11651128,Liters,1940709
2001,Canada,Maple syrup,Exports,10809835,Liters,1618073
2001,Canada,Maple syrup,Exports,11124105,Liters,1628091
2001,Canada,Maple syrup,Exports,10890282,Liters,1631656
2001,Canada,Maple syrup,Exports,12451881,Liters,1883429
2001,Canada,Maple syrup,Exports,9410301,Liters,1742607
2001,Canada,Maple syrup,Exports,11665106,Liters,1718369
2001,Canada,Maple syrup,Exports,11091267,Liters,1629111
2001,Canada,Maple syrup,Exports,8345800,Liters,1540227
2001,Canada,Maple syrup,Exports,9973733,Liters,1770229
2001,Canada,Maple syrup,Exports,10462032,Liters,1853743
2001,Canada,Maple syrup,Exports,9671677,Liters,1955995
2001,Canada,Maple syrup,Imports,136788,Liters,29405
2001,Canada,Maple syrup,Imports,593989,Liters,123283
2001,Canada,Maple syrup,Imports,585181,Liters,97483
2001,Canada,Maple syrup,Imports,175996,Liters,44702
2001,Canada,Maple syrup,Imports,58067,Liters,19311
2001,Canada,Maple syrup,Imports,124550,Liters,23215
2001,Canada,Maple syrup,Imports,82390,Liters,20356
2001,Canada,Maple syrup,Imports,354924,Liters,103588
2001,Canada,Maple syrup,Imports,55297,Liters,21639
2001,Canada,Maple syrup,Imports,164804,Liters,46604
2001,Canada,Maple syrup,Imports,246170,Liters,56157
2001,Canada,Maple syrup,Imports,81846,Liters,23617
2002,Canada,Maple sugar,Exports,199913,Metric Tonne,21
2002,Canada,Maple sugar,Exports,427109,Metric Tonne,89
2002,Canada,Maple sugar,Exports,63217,Metric Tonne,29
2002,Canada,Maple sugar,Exports,25499,Metric Tonne,2
2002,Canada,Maple sugar,Exports,74652,Metric Tonne,7
2002,Canada,Maple sugar,Exports,143513,Metric Tonne,16
2002,Canada,Maple sugar,Exports,44851,Metric Tonne,6
2002,Canada,Maple sugar,Exports,63213,Metric Tonne,20
2002,Canada,Maple sugar,Exports,185630,Metric Tonne,18
2002,Canada,Maple sugar,Exports,110789,Metric Tonne,16
2002,Canada,Maple sugar,Exports,45117,Metric Tonne,16
2002,Canada,Maple sugar,Exports,120630,Metric Tonne,19
2002,Canada,Maple sugar,Imports,42619,Metric Tonne,8
2002,Canada,Maple sugar,Imports,367,Metric Tonne,0
2002,Canada,Maple sugar,Imports,1310,Metric Tonne,0
2002,Canada,Maple sugar,Imports,2233,Metric Tonne,0
2002,Canada,Maple sugar,Imports,47321,Metric Tonne,8
2002,Canada,Maple sugar,Imports,1664,Metric Tonne,0
2002,Canada,Maple sugar,Imports,8,Metric Tonne,0
2002,Canada,Maple sugar,Imports,35769,Metric Tonne,6
2002,Canada,Maple sugar,Imports,47884,Metric Tonne,8
2002,Canada,Maple sugar,Imports,875,Metric Tonne,0
2002,Canada,Maple sugar,Imports,37358,Metric Tonne,5
2002,Canada,Maple sugar,Imports,3687,Metric Tonne,1
2002,Canada,Maple syrup,Exports,10169268,Liters,1473675
2002,Canada,Maple syrup,Exports,10650380,Liters,1614959
2002,Canada,Maple syrup,Exports,19639108,Liters,2600646
2002,Canada,Maple syrup,Exports,15267883,Liters,2352306
2002,Canada,Maple syrup,Exports,12609707,Liters,1925623
2002,Canada,Maple syrup,Exports,14447825,Liters,2411445
2002,Canada,Maple syrup,Exports,13356126,Liters,2124658
2002,Canada,Maple syrup,Exports,12023871,Liters,1846614
2002,Canada,Maple syrup,Exports,10683761,Liters,1541416
2002,Canada,Maple syrup,Exports,10438037,Liters,1458483
2002,Canada,Maple syrup,Exports,11159839,Liters,1687251
2002,Canada,Maple syrup,Exports,12035683,Liters,1685761
2002,Canada,Maple syrup,Imports,93649,Liters,16466
2002,Canada,Maple syrup,Imports,380725,Liters,64192
2002,Canada,Maple syrup,Imports,304191,Liters,47986
2002,Canada,Maple syrup,Imports,45720,Liters,22600
2002,Canada,Maple syrup,Imports,1195354,Liters,205068
2002,Canada,Maple syrup,Imports,775467,Liters,137158
2002,Canada,Maple syrup,Imports,118943,Liters,16594
2002,Canada,Maple syrup,Imports,185871,Liters,33615
2002,Canada,Maple syrup,Imports,70043,Liters,30792
2002,Canada,Maple syrup,Imports,94410,Liters,36706
2002,Canada,Maple syrup,Imports,81710,Liters,10631
2002,Canada,Maple syrup,Imports,9037,Liters,1230
2003,Canada,Maple sugar,Exports,214798,Metric Tonne,24
2003,Canada,Maple sugar,Exports,32071,Metric Tonne,7
2003,Canada,Maple sugar,Exports,171715,Metric Tonne,26
2003,Canada,Maple sugar,Exports,151618,Metric Tonne,17
2003,Canada,Maple sugar,Exports,46447,Metric Tonne,5
2003,Canada,Maple sugar,Exports,116966,Metric Tonne,15
2003,Canada,Maple sugar,Exports,189931,Metric Tonne,20
2003,Canada,Maple sugar,Exports,95097,Metric Tonne,25
2003,Canada,Maple sugar,Exports,122569,Metric Tonne,11
2003,Canada,Maple sugar,Exports,298542,Metric Tonne,43
2003,Canada,Maple sugar,Exports,1430,Metric Tonne,0
2003,Canada,Maple sugar,Exports,133917,Metric Tonne,13
2003,Canada,Maple sugar,Imports,4494,Metric Tonne,1
2003,Canada,Maple sugar,Imports,2675,Metric Tonne,0
2003,Canada,Maple sugar,Imports,699,Metric Tonne,0
2003,Canada,Maple sugar,Imports,2826,Metric Tonne,0
2003,Canada,Maple sugar,Imports,6622,Metric Tonne,2
2003,Canada,Maple sugar,Imports,867,Metric Tonne,0
2003,Canada,Maple sugar,Imports,27,Metric Tonne,0
2003,Canada,Maple sugar,Imports,3150,Metric Tonne,0
2003,Canada,Maple sugar,Imports,61647,Metric Tonne,8
2003,Canada,Maple sugar,Imports,253,Metric Tonne,0
2003,Canada,Maple sugar,Imports,3714,Metric Tonne,1
2003,Canada,Maple sugar,Imports,16331,Metric Tonne,2
2003,Canada,Maple syrup,Exports,11487585,Liters,1742113
2003,Canada,Maple syrup,Exports,12909580,Liters,1945827
2003,Canada,Maple syrup,Exports,13687225,Liters,2092292
2003,Canada,Maple syrup,Exports,10159425,Liters,1626712
2003,Canada,Maple syrup,Exports,9673981,Liters,1509619
2003,Canada,Maple syrup,Exports,12739254,Liters,2099615
2003,Canada,Maple syrup,Exports,11098834,Liters,1606002
2003,Canada,Maple syrup,Exports,10145952,Liters,1577543
2003,Canada,Maple syrup,Exports,13618906,Liters,2129510
2003,Canada,Maple syrup,Exports,14584133,Liters,2347698
2003,Canada,Maple syrup,Exports,12073415,Liters,1757313
2003,Canada,Maple syrup,Exports,13488740,Liters,2079673
2003,Canada,Maple syrup,Imports,357093,Liters,58217
2003,Canada,Maple syrup,Imports,817961,Liters,152594
2003,Canada,Maple syrup,Imports,67908,Liters,11467
2003,Canada,Maple syrup,Imports,773600,Liters,135273
2003,Canada,Maple syrup,Imports,381139,Liters,70289
2003,Canada,Maple syrup,Imports,412760,Liters,86998
2003,Canada,Maple syrup,Imports,58761,Liters,8578
2003,Canada,Maple syrup,Imports,248559,Liters,38839
2003,Canada,Maple syrup,Imports,31365,Liters,3821
2003,Canada,Maple syrup,Imports,21039,Liters,3633
2003,Canada,Maple syrup,Imports,343705,Liters,62671
2003,Canada,Maple syrup,Imports,54328,Liters,8951
2004,Canada,Maple sugar,Exports,246832,Metric Tonne,28
2004,Canada,Maple sugar,Exports,154815,Metric Tonne,27
2004,Canada,Maple sugar,Exports,176185,Metric Tonne,18
2004,Canada,Maple sugar,Exports,309312,Metric Tonne,43
2004,Canada,Maple sugar,Exports,113717,Metric Tonne,11
2004,Canada,Maple sugar,Exports,317606,Metric Tonne,47
2004,Canada,Maple sugar,Exports,206413,Metric Tonne,30
2004,Canada,Maple sugar,Exports,93071,Metric Tonne,16
2004,Canada,Maple sugar,Exports,42587,Metric Tonne,7
2004,Canada,Maple sugar,Exports,110026,Metric Tonne,15
2004,Canada,Maple sugar,Exports,218587,Metric Tonne,36
2004,Canada,Maple sugar,Exports,162981,Metric Tonne,27
2004,Canada,Maple sugar,Imports,3447,Metric Tonne,0
2004,Canada,Maple sugar,Imports,20224,Metric Tonne,2
2004,Canada,Maple sugar,Imports,3257,Metric Tonne,0
2004,Canada,Maple sugar,Imports,25959,Metric Tonne,3
2004,Canada,Maple sugar,Imports,20414,Metric Tonne,2
2004,Canada,Maple sugar,Imports,1941,Metric Tonne,0
2004,Canada,Maple sugar,Imports,4144,Metric Tonne,1
2004,Canada,Maple sugar,Imports,3274,Metric Tonne,1
2004,Canada,Maple sugar,Imports,3829,Metric Tonne,1
2004,Canada,Maple sugar,Imports,2946,Metric Tonne,0
2004,Canada,Maple sugar,Imports,2675,Metric Tonne,1
2004,Canada,Maple sugar,Imports,16170,Metric Tonne,2
2004,Canada,Maple syrup,Exports,12633505,Liters,1975164
2004,Canada,Maple syrup,Exports,14652264,Liters,2182356
2004,Canada,Maple syrup,Exports,15285635,Liters,2361892
2004,Canada,Maple syrup,Exports,13846910,Liters,2168657
2004,Canada,Maple syrup,Exports,14475317,Liters,2246173
2004,Canada,Maple syrup,Exports,11230538,Liters,1644197
2004,Canada,Maple syrup,Exports,10842396,Liters,1643211
2004,Canada,Maple syrup,Exports,14809726,Liters,2254909
2004,Canada,Maple syrup,Exports,12780480,Liters,1992287
2004,Canada,Maple syrup,Exports,9435979,Liters,1511975
2004,Canada,Maple syrup,Exports,10386491,Liters,1570902
2004,Canada,Maple syrup,Exports,11649369,Liters,1785144
2004,Canada,Maple syrup,Imports,42665,Liters,11236
2004,Canada,Maple syrup,Imports,12155,Liters,1114
2004,Canada,Maple syrup,Imports,406251,Liters,65442
2004,Canada,Maple syrup,Imports,194384,Liters,41973
2004,Canada,Maple syrup,Imports,14441,Liters,3246
2004,Canada,Maple syrup,Imports,1579831,Liters,302998
2004,Canada,Maple syrup,Imports,269898,Liters,78115
2004,Canada,Maple syrup,Imports,565245,Liters,92087
2004,Canada,Maple syrup,Imports,156353,Liters,20423
2004,Canada,Maple syrup,Imports,1854320,Liters,336139
2004,Canada,Maple syrup,Imports,171711,Liters,38048
2004,Canada,Maple syrup,Imports,70684,Liters,15510
2005,Canada,Maple sugar,Exports,125688,Metric Tonne,16
2005,Canada,Maple sugar,Exports,17306,Metric Tonne,2
2005,Canada,Maple sugar,Exports,126113,Metric Tonne,12
2005,Canada,Maple sugar,Exports,101938,Metric Tonne,9
2005,Canada,Maple sugar,Exports,94882,Metric Tonne,11
2005,Canada,Maple sugar,Exports,171530,Metric Tonne,28
2005,Canada,Maple sugar,Exports,206965,Metric Tonne,22
2005,Canada,Maple sugar,Exports,528581,Metric Tonne,69
2005,Canada,Maple sugar,Exports,12382,Metric Tonne,2
2005,Canada,Maple sugar,Exports,118804,Metric Tonne,19
2005,Canada,Maple sugar,Exports,317037,Metric Tonne,42
2005,Canada,Maple sugar,Exports,107602,Metric Tonne,11
2005,Canada,Maple sugar,Imports,45277,Metric Tonne,5
2005,Canada,Maple sugar,Imports,3628,Metric Tonne,0
2005,Canada,Maple sugar,Imports,7229,Metric Tonne,1
2005,Canada,Maple sugar,Imports,33349,Metric Tonne,5
2005,Canada,Maple sugar,Imports,8720,Metric Tonne,1
2005,Canada,Maple sugar,Imports,44463,Metric Tonne,5
2005,Canada,Maple sugar,Imports,25456,Metric Tonne,3
2005,Canada,Maple sugar,Imports,28772,Metric Tonne,4
2005,Canada,Maple sugar,Imports,67517,Metric Tonne,10
2005,Canada,Maple sugar,Imports,24563,Metric Tonne,4
2005,Canada,Maple sugar,Imports,1327,Metric Tonne,0
2005,Canada,Maple syrup,Exports,15719145,Liters,2369281
2005,Canada,Maple syrup,Exports,13427937,Liters,2053661
2005,Canada,Maple syrup,Exports,14427885,Liters,2133244
2005,Canada,Maple syrup,Exports,9876931,Liters,1539380
2005,Canada,Maple syrup,Exports,16670748,Liters,2473639
2005,Canada,Maple syrup,Exports,10489844,Liters,1535865
2005,Canada,Maple syrup,Exports,15044666,Liters,2361326
2005,Canada,Maple syrup,Exports,15588309,Liters,2308400
2005,Canada,Maple syrup,Exports,15617889,Liters,2290906
2005,Canada,Maple syrup,Exports,13194979,Liters,1951514
2005,Canada,Maple syrup,Exports,9085989,Liters,1348172
2005,Canada,Maple syrup,Exports,14339735,Liters,2114265
2005,Canada,Maple syrup,Imports,31324,Liters,11792
2005,Canada,Maple syrup,Imports,170881,Liters,31173
2005,Canada,Maple syrup,Imports,23697,Liters,6590
2005,Canada,Maple syrup,Imports,38259,Liters,17077
2005,Canada,Maple syrup,Imports,24329,Liters,5246
2005,Canada,Maple syrup,Imports,1840616,Liters,370852
2005,Canada,Maple syrup,Imports,13492,Liters,4296
2005,Canada,Maple syrup,Imports,358594,Liters,80317
2005,Canada,Maple syrup,Imports,165066,Liters,38086
2005,Canada,Maple syrup,Imports,119860,Liters,29862
2005,Canada,Maple syrup,Imports,38175,Liters,8567
2005,Canada,Maple syrup,Imports,1211109,Liters,251139
2006,Canada,Maple sugar,Exports,55972,Metric Tonne,5
2006,Canada,Maple sugar,Exports,256810,Metric Tonne,27
2006,Canada,Maple sugar,Exports,150631,Metric Tonne,13
2006,Canada,Maple sugar,Exports,613587,Metric Tonne,76
2006,Canada,Maple sugar,Exports,159915,Metric Tonne,17
2006,Canada,Maple sugar,Exports,127224,Metric Tonne,14
2006,Canada,Maple sugar,Exports,235029,Metric Tonne,33
2006,Canada,Maple sugar,Exports,274708,Metric Tonne,36
2006,Canada,Maple sugar,Exports,559980,Metric Tonne,79
2006,Canada,Maple sugar,Exports,272054,Metric Tonne,39
2006,Canada,Maple sugar,Exports,143670,Metric Tonne,21
2006,Canada,Maple sugar,Exports,238348,Metric Tonne,23
2006,Canada,Maple sugar,Imports,12489,Metric Tonne,1
2006,Canada,Maple sugar,Imports,3651,Metric Tonne,1
2006,Canada,Maple sugar,Imports,30367,Metric Tonne,3
2006,Canada,Maple sugar,Imports,15484,Metric Tonne,2
2006,Canada,Maple sugar,Imports,22103,Metric Tonne,4
2006,Canada,Maple sugar,Imports,10717,Metric Tonne,2
2006,Canada,Maple sugar,Imports,5052,Metric Tonne,1
2006,Canada,Maple sugar,Imports,4276,Metric Tonne,1
2006,Canada,Maple sugar,Imports,2458,Metric Tonne,1
2006,Canada,Maple sugar,Imports,30770,Metric Tonne,3
2006,Canada,Maple sugar,Imports,24686,Metric Tonne,4
2006,Canada,Maple sugar,Imports,7455,Metric Tonne,1
2006,Canada,Maple syrup,Exports,13919612,Liters,2110847
2006,Canada,Maple syrup,Exports,18260178,Liters,2509060
2006,Canada,Maple syrup,Exports,14740382,Liters,2148824
2006,Canada,Maple syrup,Exports,15165731,Liters,2286768
2006,Canada,Maple syrup,Exports,15970654,Liters,2456896
2006,Canada,Maple syrup,Exports,17161837,Liters,2361545
2006,Canada,Maple syrup,Exports,14911410,Liters,2133275
2006,Canada,Maple syrup,Exports,18864139,Liters,2636441
2006,Canada,Maple syrup,Exports,13982565,Liters,2049691
2006,Canada,Maple syrup,Exports,14973557,Liters,2136727
2006,Canada,Maple syrup,Exports,13577664,Liters,1918733
2006,Canada,Maple syrup,Exports,16008127,Liters,2251428
2006,Canada,Maple syrup,Imports,2575762,Liters,471411
2006,Canada,Maple syrup,Imports,51380,Liters,9140
2006,Canada,Maple syrup,Imports,315198,Liters,57938
2006,Canada,Maple syrup,Imports,108662,Liters,17827
2006,Canada,Maple syrup,Imports,152865,Liters,58021
2006,Canada,Maple syrup,Imports,26700,Liters,9889
2006,Canada,Maple syrup,Imports,191536,Liters,57505
2006,Canada,Maple syrup,Imports,200201,Liters,79777
2006,Canada,Maple syrup,Imports,26137,Liters,11472
2006,Canada,Maple syrup,Imports,43604,Liters,14742
2006,Canada,Maple syrup,Imports,52294,Liters,37231
2006,Canada,Maple syrup,Imports,1360528,Liters,255111
2007,Canada,Maple sugar,Exports,771938,Metric Tonne,97
2007,Canada,Maple sugar,Exports,374158,Metric Tonne,32
2007,Canada,Maple sugar,Exports,135839,Metric Tonne,18
2007,Canada,Maple sugar,Exports,433876,Metric Tonne,70
2007,Canada,Maple sugar,Exports,151297,Metric Tonne,14
2007,Canada,Maple sugar,Exports,192359,Metric Tonne,30
2007,Canada,Maple sugar,Exports,267886,Metric Tonne,33
2007,Canada,Maple sugar,Exports,300277,Metric Tonne,39
2007,Canada,Maple sugar,Exports,482519,Metric Tonne,53
2007,Canada,Maple sugar,Exports,232664,Metric Tonne,39
2007,Canada,Maple sugar,Exports,380060,Metric Tonne,39
2007,Canada,Maple sugar,Exports,371872,Metric Tonne,29
2007,Canada,Maple sugar,Imports,347,Metric Tonne,0
2007,Canada,Maple sugar,Imports,1195,Metric Tonne,0
2007,Canada,Maple sugar,Imports,116,Metric Tonne,0
2007,Canada,Maple sugar,Imports,370,Metric Tonne,0
2007,Canada,Maple sugar,Imports,3224,Metric Tonne,1
2007,Canada,Maple sugar,Imports,3237,Metric Tonne,1
2007,Canada,Maple sugar,Imports,1186,Metric Tonne,0
2007,Canada,Maple sugar,Imports,2715,Metric Tonne,1
2007,Canada,Maple sugar,Imports,815,Metric Tonne,0
2007,Canada,Maple sugar,Imports,1447,Metric Tonne,0
2007,Canada,Maple sugar,Imports,156,Metric Tonne,0
2007,Canada,Maple syrup,Exports,17193662,Liters,2379890
2007,Canada,Maple syrup,Exports,14961729,Liters,2162705
2007,Canada,Maple syrup,Exports,19667179,Liters,2892952
2007,Canada,Maple syrup,Exports,18257716,Liters,2590699
2007,Canada,Maple syrup,Exports,17447604,Liters,2444730
2007,Canada,Maple syrup,Exports,17380087,Liters,2411276
2007,Canada,Maple syrup,Exports,15660077,Liters,2211951
2007,Canada,Maple syrup,Exports,16355290,Liters,2320118
2007,Canada,Maple syrup,Exports,17959137,Liters,2558100
2007,Canada,Maple syrup,Exports,20223629,Liters,3034357
2007,Canada,Maple syrup,Exports,18279512,Liters,2637446
2007,Canada,Maple syrup,Exports,20150625,Liters,2796142
2007,Canada,Maple syrup,Imports,88831,Liters,41764
2007,Canada,Maple syrup,Imports,66361,Liters,14695
2007,Canada,Maple syrup,Imports,193144,Liters,38942
2007,Canada,Maple syrup,Imports,361642,Liters,78496
2007,Canada,Maple syrup,Imports,10201,Liters,7824
2007,Canada,Maple syrup,Imports,33907,Liters,13067
2007,Canada,Maple syrup,Imports,73881,Liters,26384
2007,Canada,Maple syrup,Imports,12754,Liters,11346
2007,Canada,Maple syrup,Imports,133851,Liters,28116
2007,Canada,Maple syrup,Imports,75222,Liters,28965
2007,Canada,Maple syrup,Imports,126340,Liters,26615
2007,Canada,Maple syrup,Imports,19234,Liters,13237
2008,Canada,Maple sugar,Exports,316737,Metric Tonne,28
2008,Canada,Maple sugar,Exports,244189,Metric Tonne,26
2008,Canada,Maple sugar,Exports,437963,Metric Tonne,33
2008,Canada,Maple sugar,Exports,161517,Metric Tonne,14
2008,Canada,Maple sugar,Exports,919149,Metric Tonne,53
2008,Canada,Maple sugar,Exports,712585,Metric Tonne,39
2008,Canada,Maple sugar,Exports,373828,Metric Tonne,29
2008,Canada,Maple sugar,Exports,161909,Metric Tonne,16
2008,Canada,Maple sugar,Exports,608307,Metric Tonne,56
2008,Canada,Maple sugar,Exports,671346,Metric Tonne,45
2008,Canada,Maple sugar,Exports,392088,Metric Tonne,27
2008,Canada,Maple sugar,Exports,1075053,Metric Tonne,62
2008,Canada,Maple sugar,Imports,2910,Metric Tonne,0
2008,Canada,Maple sugar,Imports,5,Metric Tonne,0
2008,Canada,Maple sugar,Imports,5732,Metric Tonne,1
2008,Canada,Maple sugar,Imports,1562,Metric Tonne,0
2008,Canada,Maple sugar,Imports,396,Metric Tonne,0
2008,Canada,Maple sugar,Imports,2170,Metric Tonne,0
2008,Canada,Maple sugar,Imports,1589,Metric Tonne,0
2008,Canada,Maple sugar,Imports,16,Metric Tonne,0
2008,Canada,Maple sugar,Imports,1210,Metric Tonne,0
2008,Canada,Maple sugar,Imports,75004,Metric Tonne,24
2008,Canada,Maple sugar,Imports,731,Metric Tonne,0
2008,Canada,Maple syrup,Exports,17262135,Liters,2369054
2008,Canada,Maple syrup,Exports,20637302,Liters,2188974
2008,Canada,Maple syrup,Exports,16504895,Liters,2301914
2008,Canada,Maple syrup,Exports,17222489,Liters,2307714
2008,Canada,Maple syrup,Exports,22584340,Liters,2823047
2008,Canada,Maple syrup,Exports,22141762,Liters,2359627
2008,Canada,Maple syrup,Exports,16898969,Liters,1571522
2008,Canada,Maple syrup,Exports,17221558,Liters,2324477
2008,Canada,Maple syrup,Exports,18483946,Liters,1866186
2008,Canada,Maple syrup,Exports,16769398,Liters,1736299
2008,Canada,Maple syrup,Exports,21026351,Liters,1789304
2008,Canada,Maple syrup,Exports,20911033,Liters,1966901
2008,Canada,Maple syrup,Imports,30206,Liters,12277
2008,Canada,Maple syrup,Imports,414488,Liters,70900
2008,Canada,Maple syrup,Imports,218642,Liters,49690
2008,Canada,Maple syrup,Imports,1997636,Liters,277083
2008,Canada,Maple syrup,Imports,72678,Liters,6919
2008,Canada,Maple syrup,Imports,330780,Liters,46012
2008,Canada,Maple syrup,Imports,1076515,Liters,90468
2008,Canada,Maple syrup,Imports,30008,Liters,12470
2008,Canada,Maple syrup,Imports,393070,Liters,39023
2008,Canada,Maple syrup,Imports,25340,Liters,9806
2008,Canada,Maple syrup,Imports,608768,Liters,56546
2008,Canada,Maple syrup,Imports,261167,Liters,46983
2009,Canada,Maple sugar,Exports,599921,Metric Tonne,36
2009,Canada,Maple sugar,Exports,207205,Metric Tonne,13
2009,Canada,Maple sugar,Exports,554610,Metric Tonne,56
2009,Canada,Maple sugar,Exports,242044,Metric Tonne,15
2009,Canada,Maple sugar,Exports,307374,Metric Tonne,43
2009,Canada,Maple sugar,Exports,736066,Metric Tonne,48
2009,Canada,Maple sugar,Exports,366222,Metric Tonne,31
2009,Canada,Maple sugar,Exports,312862,Metric Tonne,30
2009,Canada,Maple sugar,Exports,355441,Metric Tonne,53
2009,Canada,Maple sugar,Exports,304262,Metric Tonne,22
2009,Canada,Maple sugar,Exports,66048,Metric Tonne,3
2009,Canada,Maple sugar,Exports,754461,Metric Tonne,50
2009,Canada,Maple sugar,Imports,77281,Metric Tonne,36
2009,Canada,Maple sugar,Imports,1,Metric Tonne,0
2009,Canada,Maple sugar,Imports,81563,Metric Tonne,37
2009,Canada,Maple sugar,Imports,390,Metric Tonne,0
2009,Canada,Maple sugar,Imports,187,Metric Tonne,0
2009,Canada,Maple sugar,Imports,255,Metric Tonne,0
2009,Canada,Maple sugar,Imports,40566,Metric Tonne,18
2009,Canada,Maple sugar,Imports,40188,Metric Tonne,18
2009,Canada,Maple sugar,Imports,49103,Metric Tonne,19
2009,Canada,Maple sugar,Imports,45474,Metric Tonne,19
2009,Canada,Maple sugar,Imports,53,Metric Tonne,0
2009,Canada,Maple sugar,Imports,3927,Metric Tonne,1
2009,Canada,Maple syrup,Exports,28914324,Liters,2916889
2009,Canada,Maple syrup,Exports,22331291,Liters,2339820
2009,Canada,Maple syrup,Exports,19893768,Liters,2127708
2009,Canada,Maple syrup,Exports,19473309,Liters,2300963
2009,Canada,Maple syrup,Exports,18050297,Liters,1914525
2009,Canada,Maple syrup,Exports,20590843,Liters,2227629
2009,Canada,Maple syrup,Exports,28198788,Liters,2667845
2009,Canada,Maple syrup,Exports,26442378,Liters,2727539
2009,Canada,Maple syrup,Exports,16463592,Liters,1493856
2009,Canada,Maple syrup,Exports,16596634,Liters,1583708
2009,Canada,Maple syrup,Exports,16627324,Liters,1769784
2009,Canada,Maple syrup,Exports,14339101,Liters,1516160
2009,Canada,Maple syrup,Imports,2017054,Liters,207542
2009,Canada,Maple syrup,Imports,139991,Liters,24235
2009,Canada,Maple syrup,Imports,171167,Liters,17579
2009,Canada,Maple syrup,Imports,59172,Liters,10117
2009,Canada,Maple syrup,Imports,2365831,Liters,368194
2009,Canada,Maple syrup,Imports,582442,Liters,108626
2009,Canada,Maple syrup,Imports,280471,Liters,33217
2009,Canada,Maple syrup,Imports,505888,Liters,52263
2009,Canada,Maple syrup,Imports,13650,Liters,5096
2009,Canada,Maple syrup,Imports,736070,Liters,79042
2009,Canada,Maple syrup,Imports,1393737,Liters,123581
2009,Canada,Maple syrup,Imports,1706827,Liters,200143
2010,Canada,Maple sugar,Exports,355966,Metric Tonne,21
2010,Canada,Maple sugar,Exports,917874,Metric Tonne,56
2010,Canada,Maple sugar,Exports,196890,Metric Tonne,15
2010,Canada,Maple sugar,Exports,334598,Metric Tonne,21
2010,Canada,Maple sugar,Exports,267684,Metric Tonne,27
2010,Canada,Maple sugar,Exports,308077,Metric Tonne,24
2010,Canada,Maple sugar,Exports,447198,Metric Tonne,26
2010,Canada,Maple sugar,Exports,348010,Metric Tonne,20
2010,Canada,Maple sugar,Exports,271661,Metric Tonne,18
2010,Canada,Maple sugar,Exports,199409,Metric Tonne,14
2010,Canada,Maple sugar,Exports,520107,Metric Tonne,75
2010,Canada,Maple sugar,Exports,511951,Metric Tonne,31
2010,Canada,Maple sugar,Imports,198,Metric Tonne,0
2010,Canada,Maple sugar,Imports,7313,Metric Tonne,3
2010,Canada,Maple sugar,Imports,243,Metric Tonne,0
2010,Canada,Maple sugar,Imports,1453,Metric Tonne,0
2010,Canada,Maple sugar,Imports,521,Metric Tonne,0
2010,Canada,Maple sugar,Imports,1376,Metric Tonne,0
2010,Canada,Maple sugar,Imports,4,Metric Tonne,0
2010,Canada,Maple sugar,Imports,508,Metric Tonne,0
2010,Canada,Maple sugar,Imports,224,Metric Tonne,0
2010,Canada,Maple sugar,Imports,7288,Metric Tonne,1
2010,Canada,Maple sugar,Imports,812,Metric Tonne,0
2010,Canada,Maple sugar,Imports,220,Metric Tonne,0
2010,Canada,Maple syrup,Exports,19809499,Liters,2227989
2010,Canada,Maple syrup,Exports,20144289,Liters,2071442
2010,Canada,Maple syrup,Exports,18255970,Liters,1903489
2010,Canada,Maple syrup,Exports,18156557,Liters,1968881
2010,Canada,Maple syrup,Exports,24170767,Liters,2652111
2010,Canada,Maple syrup,Exports,17357330,Liters,1802988
2010,Canada,Maple syrup,Exports,15845759,Liters,1640917
2010,Canada,Maple syrup,Exports,15039787,Liters,1618363
2010,Canada,Maple syrup,Exports,17751007,Liters,2032163
2010,Canada,Maple syrup,Exports,19089563,Liters,2125262
2010,Canada,Maple syrup,Exports,20629351,Liters,2210330
2010,Canada,Maple syrup,Exports,20368909,Liters,2162172
2010,Canada,Maple syrup,Imports,327818,Liters,42468
2010,Canada,Maple syrup,Imports,402203,Liters,51233
2010,Canada,Maple syrup,Imports,931180,Liters,103023
2010,Canada,Maple syrup,Imports,596254,Liters,94881
2010,Canada,Maple syrup,Imports,1226662,Liters,163837
2010,Canada,Maple syrup,Imports,1380019,Liters,146977
2010,Canada,Maple syrup,Imports,285257,Liters,34423
2010,Canada,Maple syrup,Imports,13065,Liters,5268
2010,Canada,Maple syrup,Imports,1308914,Liters,175720
2010,Canada,Maple syrup,Imports,436338,Liters,85104
2010,Canada,Maple syrup,Imports,1390189,Liters,172381
2010,Canada,Maple syrup,Imports,335218,Liters,41360
2011,Canada,Maple sugar,Exports,53569,Metric Tonne,4
2011,Canada,Maple sugar,Exports,296387,Metric Tonne,26
2011,Canada,Maple sugar,Exports,379458,Metric Tonne,37
2011,Canada,Maple sugar,Exports,152581,Metric Tonne,10
2011,Canada,Maple sugar,Exports,433053,Metric Tonne,33
2011,Canada,Maple sugar,Exports,318756,Metric Tonne,28
2011,Canada,Maple sugar,Exports,183834,Metric Tonne,12
2011,Canada,Maple sugar,Exports,600025,Metric Tonne,51
2011,Canada,Maple sugar,Exports,566463,Metric Tonne,37
2011,Canada,Maple sugar,Exports,444933,Metric Tonne,26
2011,Canada,Maple sugar,Exports,277791,Metric Tonne,18
2011,Canada,Maple sugar,Exports,314935,Metric Tonne,20
2011,Canada,Maple sugar,Imports,801,Metric Tonne,0
2011,Canada,Maple sugar,Imports,383,Metric Tonne,0
2011,Canada,Maple sugar,Imports,697,Metric Tonne,0
2011,Canada,Maple sugar,Imports,374,Metric Tonne,0
2011,Canada,Maple sugar,Imports,372,Metric Tonne,0
2011,Canada,Maple sugar,Imports,67007,Metric Tonne,13
2011,Canada,Maple sugar,Imports,1196,Metric Tonne,0
2011,Canada,Maple sugar,Imports,276,Metric Tonne,0
2011,Canada,Maple sugar,Imports,1633,Metric Tonne,0
2011,Canada,Maple sugar,Imports,200,Metric Tonne,0
2011,Canada,Maple sugar,Imports,4727,Metric Tonne,1
2011,Canada,Maple sugar,Imports,3869,Metric Tonne,1
2011,Canada,Maple syrup,Exports,22414888,Liters,2317645
2011,Canada,Maple syrup,Exports,16514599,Liters,1785248
2011,Canada,Maple syrup,Exports,22288225,Liters,2313861
2011,Canada,Maple syrup,Exports,16869837,Liters,1854739
2011,Canada,Maple syrup,Exports,24749626,Liters,2734820
2011,Canada,Maple syrup,Exports,19640737,Liters,2172385
2011,Canada,Maple syrup,Exports,14802027,Liters,1546569
2011,Canada,Maple syrup,Exports,21973951,Liters,2259281
2011,Canada,Maple syrup,Exports,15097925,Liters,1607300
2011,Canada,Maple syrup,Exports,19308853,Liters,2079341
2011,Canada,Maple syrup,Exports,23852360,Liters,2446923
2011,Canada,Maple syrup,Exports,20586114,Liters,2090156
2011,Canada,Maple syrup,Imports,47653,Liters,9780
2011,Canada,Maple syrup,Imports,148334,Liters,23132
2011,Canada,Maple syrup,Imports,423148,Liters,61108
2011,Canada,Maple syrup,Imports,586365,Liters,66608
2011,Canada,Maple syrup,Imports,1192239,Liters,161090
2011,Canada,Maple syrup,Imports,2191468,Liters,255159
2011,Canada,Maple syrup,Imports,2095034,Liters,269485
2011,Canada,Maple syrup,Imports,135350,Liters,15801
2011,Canada,Maple syrup,Imports,2263278,Liters,290703
2011,Canada,Maple syrup,Imports,382214,Liters,47211
2011,Canada,Maple syrup,Imports,1577328,Liters,195123
2011,Canada,Maple syrup,Imports,192967,Liters,24895
2012,Canada,Maple sugar,Exports,580963,Metric Tonne,41
2012,Canada,Maple sugar,Exports,280773,Metric Tonne,22
2012,Canada,Maple sugar,Exports,147409,Metric Tonne,10
2012,Canada,Maple sugar,Exports,492687,Metric Tonne,36
2012,Canada,Maple sugar,Exports,345011,Metric Tonne,23
2012,Canada,Maple sugar,Exports,457570,Metric Tonne,38
2012,Canada,Maple sugar,Exports,245842,Metric Tonne,29
2012,Canada,Maple sugar,Exports,281410,Metric Tonne,17
2012,Canada,Maple sugar,Exports,228990,Metric Tonne,15
2012,Canada,Maple sugar,Exports,993822,Metric Tonne,100
2012,Canada,Maple sugar,Exports,488779,Metric Tonne,46
2012,Canada,Maple sugar,Exports,414194,Metric Tonne,32
2012,Canada,Maple sugar,Imports,2526,Metric Tonne,0
2012,Canada,Maple sugar,Imports,2794,Metric Tonne,1
2012,Canada,Maple sugar,Imports,1157,Metric Tonne,0
2012,Canada,Maple sugar,Imports,1408,Metric Tonne,0
2012,Canada,Maple sugar,Imports,3235,Metric Tonne,1
2012,Canada,Maple sugar,Imports,5134,Metric Tonne,1
2012,Canada,Maple sugar,Imports,615,Metric Tonne,0
2012,Canada,Maple sugar,Imports,177051,Metric Tonne,28
2012,Canada,Maple sugar,Imports,601,Metric Tonne,0
2012,Canada,Maple sugar,Imports,2789,Metric Tonne,0
2012,Canada,Maple sugar,Imports,2901,Metric Tonne,0
2012,Canada,Maple sugar,Imports,1107,Metric Tonne,0
2012,Canada,Maple syrup,Exports,23419479,Liters,2478554
2012,Canada,Maple syrup,Exports,20217369,Liters,2253204
2012,Canada,Maple syrup,Exports,17745134,Liters,1813270
2012,Canada,Maple syrup,Exports,22383336,Liters,2212147
2012,Canada,Maple syrup,Exports,21048637,Liters,2177208
2012,Canada,Maple syrup,Exports,21055423,Liters,2335305
2012,Canada,Maple syrup,Exports,18548675,Liters,1905663
2012,Canada,Maple syrup,Exports,16780737,Liters,1861467
2012,Canada,Maple syrup,Exports,23541394,Liters,2510143
2012,Canada,Maple syrup,Exports,23213742,Liters,2374466
2012,Canada,Maple syrup,Exports,17755484,Liters,1895895
2012,Canada,Maple syrup,Exports,18717090,Liters,2043155
2012,Canada,Maple syrup,Imports,1766607,Liters,244249
2012,Canada,Maple syrup,Imports,94595,Liters,10909
2012,Canada,Maple syrup,Imports,77712,Liters,7880
2012,Canada,Maple syrup,Imports,140097,Liters,17788
2012,Canada,Maple syrup,Imports,914395,Liters,109586
2012,Canada,Maple syrup,Imports,153792,Liters,18951
2012,Canada,Maple syrup,Imports,1565084,Liters,202488
2012,Canada,Maple syrup,Imports,359006,Liters,46789
2012,Canada,Maple syrup,Imports,2301071,Liters,314261
2012,Canada,Maple syrup,Imports,370799,Liters,55237
2012,Canada,Maple syrup,Imports,249315,Liters,27679
2012,Canada,Maple syrup,Imports,314167,Liters,30670
2013,Canada,Maple sugar,Exports,250316,Metric Tonne,19
2013,Canada,Maple sugar,Exports,607267,Metric Tonne,66
2013,Canada,Maple sugar,Exports,891316,Metric Tonne,78
2013,Canada,Maple sugar,Exports,746149,Metric Tonne,66
2013,Canada,Maple sugar,Exports,755731,Metric Tonne,65
2013,Canada,Maple sugar,Exports,392698,Metric Tonne,42
2013,Canada,Maple sugar,Exports,676815,Metric Tonne,62
2013,Canada,Maple sugar,Exports,663686,Metric Tonne,52
2013,Canada,Maple sugar,Exports,326869,Metric Tonne,35
2013,Canada,Maple sugar,Exports,280104,Metric Tonne,17
2013,Canada,Maple sugar,Exports,309771,Metric Tonne,32
2013,Canada,Maple sugar,Exports,505231,Metric Tonne,43
2013,Canada,Maple sugar,Imports,600,Metric Tonne,0
2013,Canada,Maple sugar,Imports,759,Metric Tonne,0
2013,Canada,Maple sugar,Imports,15429,Metric Tonne,2
2013,Canada,Maple sugar,Imports,26494,Metric Tonne,4
2013,Canada,Maple sugar,Imports,476,Metric Tonne,0
2013,Canada,Maple sugar,Imports,432,Metric Tonne,0
2013,Canada,Maple sugar,Imports,412,Metric Tonne,0
2013,Canada,Maple sugar,Imports,4638,Metric Tonne,1
2013,Canada,Maple sugar,Imports,26184,Metric Tonne,4
2013,Canada,Maple sugar,Imports,26322,Metric Tonne,4
2013,Canada,Maple sugar,Imports,43,Metric Tonne,0
2013,Canada,Maple sugar,Imports,70,Metric Tonne,0
2013,Canada,Maple syrup,Exports,23077908,Liters,2318605
2013,Canada,Maple syrup,Exports,26014738,Liters,2601819
2013,Canada,Maple syrup,Exports,27135869,Liters,2687380
2013,Canada,Maple syrup,Exports,20946968,Liters,2092261
2013,Canada,Maple syrup,Exports,25456526,Liters,2584752
2013,Canada,Maple syrup,Exports,21394397,Liters,2147677
2013,Canada,Maple syrup,Exports,27059924,Liters,2595046
2013,Canada,Maple syrup,Exports,17891045,Liters,1767348
2013,Canada,Maple syrup,Exports,19951963,Liters,1969936
2013,Canada,Maple syrup,Exports,20056275,Liters,2058110
2013,Canada,Maple syrup,Exports,22896476,Liters,2324417
2013,Canada,Maple syrup,Exports,19654273,Liters,2006131
2013,Canada,Maple syrup,Imports,4095942,Liters,431136
2013,Canada,Maple syrup,Imports,38936,Liters,8067
2013,Canada,Maple syrup,Imports,301503,Liters,33761
2013,Canada,Maple syrup,Imports,297818,Liters,39761
2013,Canada,Maple syrup,Imports,1528395,Liters,188329
2013,Canada,Maple syrup,Imports,533946,Liters,62016
2013,Canada,Maple syrup,Imports,244427,Liters,40780
2013,Canada,Maple syrup,Imports,300378,Liters,39723
2013,Canada,Maple syrup,Imports,724386,Liters,97662
2013,Canada,Maple syrup,Imports,99330,Liters,14298
2013,Canada,Maple syrup,Imports,684756,Liters,63920
2013,Canada,Maple syrup,Imports,3101695,Liters,402764
2014,Canada,Maple sugar,Exports,251632,Metric Tonne,16
2014,Canada,Maple sugar,Exports,515862,Metric Tonne,32
2014,Canada,Maple sugar,Exports,585008,Metric Tonne,63
2014,Canada,Maple sugar,Exports,508871,Metric Tonne,50
2014,Canada,Maple sugar,Exports,352821,Metric Tonne,20
2014,Canada,Maple sugar,Exports,1069304,Metric Tonne,98
2014,Canada,Maple sugar,Exports,239648,Metric Tonne,18
2014,Canada,Maple sugar,Exports,285708,Metric Tonne,18
2014,Canada,Maple sugar,Exports,509311,Metric Tonne,37
2014,Canada,Maple sugar,Exports,552647,Metric Tonne,48
2014,Canada,Maple sugar,Exports,338281,Metric Tonne,21
2014,Canada,Maple sugar,Exports,405601,Metric Tonne,36
2014,Canada,Maple sugar,Imports,292,Metric Tonne,0
2014,Canada,Maple sugar,Imports,1541,Metric Tonne,0
2014,Canada,Maple sugar,Imports,4195,Metric Tonne,1
2014,Canada,Maple sugar,Imports,694,Metric Tonne,0
2014,Canada,Maple sugar,Imports,49794,Metric Tonne,8
2014,Canada,Maple sugar,Imports,155930,Metric Tonne,25
2014,Canada,Maple sugar,Imports,100728,Metric Tonne,16
2014,Canada,Maple sugar,Imports,52410,Metric Tonne,8
2014,Canada,Maple sugar,Imports,79635,Metric Tonne,13
2014,Canada,Maple sugar,Imports,50536,Metric Tonne,8
2014,Canada,Maple sugar,Imports,39,Metric Tonne,0
2014,Canada,Maple syrup,Exports,25700620,Liters,2378605
2014,Canada,Maple syrup,Exports,21675452,Liters,2070266
2014,Canada,Maple syrup,Exports,28262735,Liters,2719308
2014,Canada,Maple syrup,Exports,30070946,Liters,2634808
2014,Canada,Maple syrup,Exports,21111336,Liters,2008139
2014,Canada,Maple syrup,Exports,26508558,Liters,2620967
2014,Canada,Maple syrup,Exports,27085999,Liters,2518052
2014,Canada,Maple syrup,Exports,21561765,Liters,2039889
2014,Canada,Maple syrup,Exports,18808390,Liters,1833273
2014,Canada,Maple syrup,Exports,24683250,Liters,2278223
2014,Canada,Maple syrup,Exports,26604512,Liters,2556904
2014,Canada,Maple syrup,Exports,32106061,Liters,3067773
2014,Canada,Maple syrup,Imports,3500422,Liters,451670
2014,Canada,Maple syrup,Imports,370092,Liters,56296
2014,Canada,Maple syrup,Imports,329733,Liters,50342
2014,Canada,Maple syrup,Imports,507013,Liters,72715
2014,Canada,Maple syrup,Imports,84107,Liters,19380
2014,Canada,Maple syrup,Imports,28686,Liters,6667
2014,Canada,Maple syrup,Imports,3003021,Liters,406589
2014,Canada,Maple syrup,Imports,667010,Liters,82339
2014,Canada,Maple syrup,Imports,77504,Liters,16945
2014,Canada,Maple syrup,Imports,1693798,Liters,181964
2014,Canada,Maple syrup,Imports,347511,Liters,38659
2014,Canada,Maple syrup,Imports,1389044,Liters,179987
2015,Canada,Maple sugar,Exports,693899,Metric Tonne,43
2015,Canada,Maple sugar,Exports,294696,Metric Tonne,18
2015,Canada,Maple sugar,Exports,374841,Metric Tonne,19
2015,Canada,Maple sugar,Exports,119109,Metric Tonne,7
2015,Canada,Maple sugar,Exports,475277,Metric Tonne,28
2015,Canada,Maple sugar,Exports,462447,Metric Tonne,30
2015,Canada,Maple sugar,Exports,598053,Metric Tonne,40
2015,Canada,Maple sugar,Exports,696855,Metric Tonne,47
2015,Canada,Maple sugar,Exports,325508,Metric Tonne,19
2015,Canada,Maple sugar,Exports,711055,Metric Tonne,42
2015,Canada,Maple sugar,Exports,460957,Metric Tonne,26
2015,Canada,Maple sugar,Exports,529437,Metric Tonne,32
2015,Canada,Maple sugar,Imports,89077,Metric Tonne,14
2015,Canada,Maple sugar,Imports,157459,Metric Tonne,25
2015,Canada,Maple sugar,Imports,277368,Metric Tonne,44
2015,Canada,Maple sugar,Imports,80242,Metric Tonne,13
2015,Canada,Maple sugar,Imports,191543,Metric Tonne,23
2015,Canada,Maple sugar,Imports,974,Metric Tonne,0
2015,Canada,Maple sugar,Imports,230,Metric Tonne,0
2015,Canada,Maple sugar,Imports,105510,Metric Tonne,8
2015,Canada,Maple sugar,Imports,2496,Metric Tonne,1
2015,Canada,Maple sugar,Imports,3060,Metric Tonne,0
2015,Canada,Maple sugar,Imports,37809,Metric Tonne,2
2015,Canada,Maple sugar,Imports,56148,Metric Tonne,9
2015,Canada,Maple syrup,Exports,30048452,Liters,2801434
2015,Canada,Maple syrup,Exports,28127143,Liters,2467761
2015,Canada,Maple syrup,Exports,36573525,Liters,3303109
2015,Canada,Maple syrup,Exports,24708252,Liters,2177477
2015,Canada,Maple syrup,Exports,28231897,Liters,2515450
2015,Canada,Maple syrup,Exports,29664930,Liters,2666730
2015,Canada,Maple syrup,Exports,27962496,Liters,2454575
2015,Canada,Maple syrup,Exports,26055064,Liters,2422003
2015,Canada,Maple syrup,Exports,29723346,Liters,2533758
2015,Canada,Maple syrup,Exports,30592745,Liters,2722606
2015,Canada,Maple syrup,Exports,31987708,Liters,2904140
2015,Canada,Maple syrup,Exports,30124384,Liters,2727852
2015,Canada,Maple syrup,Imports,501497,Liters,63067
2015,Canada,Maple syrup,Imports,61382,Liters,9862
2015,Canada,Maple syrup,Imports,4206579,Liters,543264
2015,Canada,Maple syrup,Imports,201388,Liters,21457
2015,Canada,Maple syrup,Imports,264209,Liters,40144
2015,Canada,Maple syrup,Imports,449069,Liters,50746
2015,Canada,Maple syrup,Imports,217296,Liters,31177
2015,Canada,Maple syrup,Imports,373134,Liters,51694
2015,Canada,Maple syrup,Imports,213421,Liters,30941
2015,Canada,Maple syrup,Imports,4527089,Liters,568620
2015,Canada,Maple syrup,Imports,163676,Liters,21884
2015,Canada,Maple syrup,Imports,1441310,Liters,166074
2016,Canada,Maple sugar,Exports,382495,Metric Tonne,29
2016,Canada,Maple sugar,Exports,228044,Metric Tonne,13
2016,Canada,Maple sugar,Exports,308193,Metric Tonne,16
2016,Canada,Maple sugar,Exports,579493,Metric Tonne,40
2016,Canada,Maple sugar,Exports,1079291,Metric Tonne,101
2016,Canada,Maple sugar,Exports,295156,Metric Tonne,17
2016,Canada,Maple sugar,Exports,728597,Metric Tonne,51
2016,Canada,Maple sugar,Exports,453280,Metric Tonne,33
2016,Canada,Maple sugar,Exports,484602,Metric Tonne,33
2016,Canada,Maple sugar,Exports,339262,Metric Tonne,19
2016,Canada,Maple sugar,Exports,821486,Metric Tonne,122
2016,Canada,Maple sugar,Exports,568398,Metric Tonne,32
2016,Canada,Maple sugar,Imports,102850,Metric Tonne,25
2016,Canada,Maple sugar,Imports,2405,Metric Tonne,1
2016,Canada,Maple sugar,Imports,60313,Metric Tonne,4
2016,Canada,Maple sugar,Imports,150296,Metric Tonne,9
2016,Canada,Maple sugar,Imports,55209,Metric Tonne,5
2016,Canada,Maple sugar,Imports,562,Metric Tonne,0
2016,Canada,Maple sugar,Imports,6166,Metric Tonne,2
2016,Canada,Maple sugar,Imports,75878,Metric Tonne,5
2016,Canada,Maple sugar,Imports,112907,Metric Tonne,6
2016,Canada,Maple sugar,Imports,46532,Metric Tonne,3
2016,Canada,Maple sugar,Imports,96546,Metric Tonne,6
2016,Canada,Maple sugar,Imports,2719,Metric Tonne,1
2016,Canada,Maple syrup,Exports,33658111,Liters,3010677
2016,Canada,Maple syrup,Exports,32380840,Liters,2720362
2016,Canada,Maple syrup,Exports,28069850,Liters,2653992
2016,Canada,Maple syrup,Exports,26050584,Liters,2341904
2016,Canada,Maple syrup,Exports,38696286,Liters,3510331
2016,Canada,Maple syrup,Exports,30914649,Liters,2833392
2016,Canada,Maple syrup,Exports,29954943,Liters,2555651
2016,Canada,Maple syrup,Exports,32490784,Liters,2954356
2016,Canada,Maple syrup,Exports,28764753,Liters,2612912
2016,Canada,Maple syrup,Exports,28533686,Liters,2595565
2016,Canada,Maple syrup,Exports,29370132,Liters,2599133
2016,Canada,Maple syrup,Exports,36255094,Liters,3390192
2016,Canada,Maple syrup,Imports,6453966,Liters,843833
2016,Canada,Maple syrup,Imports,1124497,Liters,122308
2016,Canada,Maple syrup,Imports,839736,Liters,98424
2016,Canada,Maple syrup,Imports,962316,Liters,113450
2016,Canada,Maple syrup,Imports,113812,Liters,18777
2016,Canada,Maple syrup,Imports,4998352,Liters,577364
2016,Canada,Maple syrup,Imports,297401,Liters,40854
2016,Canada,Maple syrup,Imports,428565,Liters,68719
2016,Canada,Maple syrup,Imports,627193,Liters,70327
2016,Canada,Maple syrup,Imports,3994326,Liters,483077
2016,Canada,Maple syrup,Imports,1135138,Liters,154357
2016,Canada,Maple syrup,Imports,292732,Liters,32713
2017,Canada,Maple sugar,Exports,1036173,Metric Tonne,96
2017,Canada,Maple sugar,Exports,857216,Metric Tonne,80
2017,Canada,Maple sugar,Exports,1242612,Metric Tonne,134
2017,Canada,Maple sugar,Exports,1387891,Metric Tonne,108
2017,Canada,Maple sugar,Exports,616153,Metric Tonne,65
2017,Canada,Maple sugar,Exports,1383096,Metric Tonne,122
2017,Canada,Maple sugar,Exports,970241,Metric Tonne,104
2017,Canada,Maple sugar,Exports,1232468,Metric Tonne,109
2017,Canada,Maple sugar,Exports,735380,Metric Tonne,74
2017,Canada,Maple sugar,Exports,331913,Metric Tonne,17
2017,Canada,Maple sugar,Exports,779641,Metric Tonne,74
2017,Canada,Maple sugar,Exports,900626,Metric Tonne,83
2017,Canada,Maple sugar,Imports,127807,Metric Tonne,8
2017,Canada,Maple sugar,Imports,9847,Metric Tonne,1
2017,Canada,Maple sugar,Imports,450,Metric Tonne,0
2017,Canada,Maple sugar,Imports,86563,Metric Tonne,19
2017,Canada,Maple sugar,Imports,18086,Metric Tonne,2
2017,Canada,Maple sugar,Imports,120540,Metric Tonne,7
2017,Canada,Maple sugar,Imports,4909,Metric Tonne,1
2017,Canada,Maple sugar,Imports,61328,Metric Tonne,4
2017,Canada,Maple sugar,Imports,116797,Metric Tonne,7
2017,Canada,Maple sugar,Imports,67045,Metric Tonne,4
2017,Canada,Maple sugar,Imports,41080,Metric Tonne,3
2017,Canada,Maple sugar,Imports,48348,Metric Tonne,3
2017,Canada,Maple syrup,Exports,4731778,Liters,395211
2017,Canada,Maple syrup,Exports,5572833,Liters,472452
2017,Canada,Maple syrup,Exports,3743596,Liters,304212
2017,Canada,Maple syrup,Exports,4877121,Liters,457123
2017,Canada,Maple syrup,Exports,5210338,Liters,493534
2017,Canada,Maple syrup,Exports,2761585,Liters,238637
2017,Canada,Maple syrup,Exports,768274,Liters,83459
2017,Canada,Maple syrup,Exports,5272905,Liters,445064
2017,Canada,Maple syrup,Exports,4168580,Liters,358361
2017,Canada,Maple syrup,Exports,6261350,Liters,585616
2017,Canada,Maple syrup,Exports,6166926,Liters,521542
2017,Canada,Maple syrup,Exports,5046952,Liters,428628
2017,Canada,Maple syrup,Exports,23942896,Liters,2107168
2017,Canada,Maple syrup,Exports,31928899,Liters,3054002
2017,Canada,Maple syrup,Exports,28242533,Liters,2671401
2017,Canada,Maple syrup,Exports,23183591,Liters,2036056
2017,Canada,Maple syrup,Exports,22149046,Liters,2034745
2017,Canada,Maple syrup,Exports,25754669,Liters,2293230
2017,Canada,Maple syrup,Exports,29893072,Liters,2895021
2017,Canada,Maple syrup,Exports,28945959,Liters,2713466
2017,Canada,Maple syrup,Exports,22929532,Liters,2153456
2017,Canada,Maple syrup,Exports,29368198,Liters,2655436
2017,Canada,Maple syrup,Exports,24952478,Liters,2360187
2017,Canada,Maple syrup,Exports,23995292,Liters,2206339
2017,Canada,Maple syrup,Imports,5834494,Liters,790474
2017,Canada,Maple syrup,Imports,292429,Liters,51501
2017,Canada,Maple syrup,Imports,545680,Liters,68750
2017,Canada,Maple syrup,Imports,2332566,Liters,306727
2017,Canada,Maple syrup,Imports,782407,Liters,79593
2017,Canada,Maple syrup,Imports,436294,Liters,59106
2017,Canada,Maple syrup,Imports,34633,Liters,4527
2017,Canada,Maple syrup,Imports,834777,Liters,80386
2017,Canada,Maple syrup,Imports,3688323,Liters,512872
2017,Canada,Maple syrup,Imports,717929,Liters,106910
2017,Canada,Maple syrup,Imports,98289,Liters,17484
2017,Canada,Maple syrup,Imports,777293,Liters,116192
2018,Canada,Maple sugar,Exports,794944,Metric Tonne,79
2018,Canada,Maple sugar,Exports,577135,Metric Tonne,39
2018,Canada,Maple sugar,Exports,359309,Metric Tonne,47
2018,Canada,Maple sugar,Exports,939196,Metric Tonne,67
2018,Canada,Maple sugar,Exports,224422,Metric Tonne,15
2018,Canada,Maple sugar,Exports,758406,Metric Tonne,68
2018,Canada,Maple sugar,Exports,1456921,Metric Tonne,165
2018,Canada,Maple sugar,Exports,784550,Metric Tonne,64
2018,Canada,Maple sugar,Exports,670861,Metric Tonne,53
2018,Canada,Maple sugar,Exports,764197,Metric Tonne,61
2018,Canada,Maple sugar,Exports,1105803,Metric Tonne,123
2018,Canada,Maple sugar,Exports,655042,Metric Tonne,48
2018,Canada,Maple sugar,Imports,31152,Metric Tonne,9
2018,Canada,Maple sugar,Imports,47699,Metric Tonne,4
2018,Canada,Maple sugar,Imports,58687,Metric Tonne,17
2018,Canada,Maple sugar,Imports,132442,Metric Tonne,10
2018,Canada,Maple sugar,Imports,172944,Metric Tonne,12
2018,Canada,Maple sugar,Imports,1313,Metric Tonne,0
2018,Canada,Maple sugar,Imports,39201,Metric Tonne,10
2018,Canada,Maple sugar,Imports,93209,Metric Tonne,26
2018,Canada,Maple sugar,Imports,976,Metric Tonne,0
2018,Canada,Maple sugar,Imports,137,Metric Tonne,0
2018,Canada,Maple sugar,Imports,61655,Metric Tonne,5
2018,Canada,Maple sugar,Imports,84406,Metric Tonne,18
2018,Canada,Maple syrup,Exports,5525792,Liters,469323
2018,Canada,Maple syrup,Exports,5226355,Liters,439175
2018,Canada,Maple syrup,Exports,6266102,Liters,569865
2018,Canada,Maple syrup,Exports,3601412,Liters,325752
2018,Canada,Maple syrup,Exports,5528281,Liters,451666
2018,Canada,Maple syrup,Exports,4874150,Liters,417712
2018,Canada,Maple syrup,Exports,3962016,Liters,330553
2018,Canada,Maple syrup,Exports,5578570,Liters,473052
2018,Canada,Maple syrup,Exports,4323501,Liters,355593
2018,Canada,Maple syrup,Exports,5645815,Liters,483842
2018,Canada,Maple syrup,Exports,6604514,Liters,585232
2018,Canada,Maple syrup,Exports,5192029,Liters,436092
2018,Canada,Maple syrup,Exports,28150205,Liters,2523562
2018,Canada,Maple syrup,Exports,25706795,Liters,2384520
2018,Canada,Maple syrup,Exports,23494585,Liters,2207373
2018,Canada,Maple syrup,Exports,29348640,Liters,2646690
2018,Canada,Maple syrup,Exports,31194125,Liters,2906546
2018,Canada,Maple syrup,Exports,29332573,Liters,2625197
2018,Canada,Maple syrup,Exports,25059842,Liters,2292530
2018,Canada,Maple syrup,Exports,27080889,Liters,2476535
2018,Canada,Maple syrup,Exports,26899799,Liters,2485309
2018,Canada,Maple syrup,Exports,28745660,Liters,2660129
2018,Canada,Maple syrup,Exports,30237425,Liters,2829204
2018,Canada,Maple syrup,Exports,28979492,Liters,2650102
2018,Canada,Maple syrup,Imports,243112,Liters,34261
2018,Canada,Maple syrup,Imports,87332,Liters,17895
2018,Canada,Maple syrup,Imports,5230201,Liters,725626
2018,Canada,Maple syrup,Imports,267159,Liters,38935
2018,Canada,Maple syrup,Imports,346439,Liters,28677
2018,Canada,Maple syrup,Imports,504776,Liters,49670
2018,Canada,Maple syrup,Imports,1445147,Liters,247084
2018,Canada,Maple syrup,Imports,3849419,Liters,458991
2018,Canada,Maple syrup,Imports,365346,Liters,38378
2018,Canada,Maple syrup,Imports,248951,Liters,32605
2018,Canada,Maple syrup,Imports,324936,Liters,28352
2018,Canada,Maple syrup,Imports,1143797,Liters,114569
2019,Canada,Maple sugar,Exports,248688,Metric Tonne,23
2019,Canada,Maple sugar,Exports,614459,Metric Tonne,61
2019,Canada,Maple sugar,Exports,800770,Metric Tonne,67
2019,Canada,Maple sugar,Exports,812807,Metric Tonne,61
2019,Canada,Maple sugar,Exports,536464,Metric Tonne,54
2019,Canada,Maple sugar,Exports,558307,Metric Tonne,43
2019,Canada,Maple sugar,Exports,727051,Metric Tonne,54
2019,Canada,Maple sugar,Exports,1800295,Metric Tonne,170
2019,Canada,Maple sugar,Exports,719633,Metric Tonne,64
2019,Canada,Maple sugar,Exports,730196,Metric Tonne,52
2019,Canada,Maple sugar,Exports,726694,Metric Tonne,63
2019,Canada,Maple sugar,Exports,701547,Metric Tonne,44
2019,Canada,Maple sugar,Imports,6424,Metric Tonne,2
2019,Canada,Maple sugar,Imports,7624,Metric Tonne,2
2019,Canada,Maple sugar,Imports,50453,Metric Tonne,12
2019,Canada,Maple sugar,Imports,4254,Metric Tonne,1
2019,Canada,Maple sugar,Imports,51515,Metric Tonne,13
2019,Canada,Maple sugar,Imports,4166,Metric Tonne,1
2019,Canada,Maple sugar,Imports,120152,Metric Tonne,9
2019,Canada,Maple sugar,Imports,6593,Metric Tonne,2
2019,Canada,Maple sugar,Imports,8931,Metric Tonne,2
2019,Canada,Maple sugar,Imports,1710,Metric Tonne,0
2019,Canada,Maple sugar,Imports,18227,Metric Tonne,4
2019,Canada,Maple sugar,Imports,4705,Metric Tonne,1
2019,Canada,Maple syrup,Exports,4384577,Liters,372400
2019,Canada,Maple syrup,Exports,3763141,Liters,318278
2019,Canada,Maple syrup,Exports,6451878,Liters,590282
2019,Canada,Maple syrup,Exports,5213584,Liters,433051
2019,Canada,Maple syrup,Exports,5364285,Liters,486252
2019,Canada,Maple syrup,Exports,7038743,Liters,594779
2019,Canada,Maple syrup,Exports,7930248,Liters,735627
2019,Canada,Maple syrup,Exports,4871266,Liters,399397
2019,Canada,Maple syrup,Exports,8854014,Liters,847592
2019,Canada,Maple syrup,Exports,4511684,Liters,374074
2019,Canada,Maple syrup,Exports,6628116,Liters,596279
2019,Canada,Maple syrup,Exports,8386842,Liters,725367
2019,Canada,Maple syrup,Exports,28806171,Liters,2563984
2019,Canada,Maple syrup,Exports,27113651,Liters,2471049
2019,Canada,Maple syrup,Exports,27046612,Liters,2369508
2019,Canada,Maple syrup,Exports,31564386,Liters,2879033
2019,Canada,Maple syrup,Exports,33854824,Liters,3112661
2019,Canada,Maple syrup,Exports,24607064,Liters,2228944
2019,Canada,Maple syrup,Exports,28530970,Liters,2587483
2019,Canada,Maple syrup,Exports,28755984,Liters,2469069
2019,Canada,Maple syrup,Exports,31218276,Liters,2880589
2019,Canada,Maple syrup,Exports,30664948,Liters,2740170
2019,Canada,Maple syrup,Exports,30755074,Liters,2794102
2019,Canada,Maple syrup,Exports,24650999,Liters,2281980
2019,Canada,Maple syrup,Imports,1787079,Liters,234851
2019,Canada,Maple syrup,Imports,144489,Liters,11631
2019,Canada,Maple syrup,Imports,4884302,Liters,675755
2019,Canada,Maple syrup,Imports,4730163,Liters,645912
2019,Canada,Maple syrup,Imports,1246990,Liters,177596
2019,Canada,Maple syrup,Imports,749733,Liters,78769
2019,Canada,Maple syrup,Imports,26373,Liters,2133
2019,Canada,Maple syrup,Imports,78059,Liters,20442
2019,Canada,Maple syrup,Imports,208553,Liters,20888
2019,Canada,Maple syrup,Imports,366539,Liters,36570
2019,Canada,Maple syrup,Imports,21128,Liters,1605
2019,Canada,Maple syrup,Imports,180941,Liters,21097
2020,Canada,Maple sugar,Exports,1537868,Metric Tonne,111
2020,Canada,Maple sugar,Exports,1000939,Metric Tonne,81
2020,Canada,Maple sugar,Exports,768748,Metric Tonne,72
2020,Canada,Maple sugar,Exports,828009,Metric Tonne,64
2020,Canada,Maple sugar,Exports,482207,Metric Tonne,34
2020,Canada,Maple sugar,Exports,868682,Metric Tonne,82
2020,Canada,Maple sugar,Exports,509519,Metric Tonne,47
2020,Canada,Maple sugar,Exports,2550424,Metric Tonne,247
2020,Canada,Maple sugar,Exports,2576316,Metric Tonne,269
2020,Canada,Maple sugar,Exports,308779,Metric Tonne,24
2020,Canada,Maple sugar,Exports,406527,Metric Tonne,38
2020,Canada,Maple sugar,Exports,2419159,Metric Tonne,255
2020,Canada,Maple sugar,Imports,3274,Metric Tonne,1
2020,Canada,Maple sugar,Imports,4571,Metric Tonne,1
2020,Canada,Maple sugar,Imports,118,Metric Tonne,0
2020,Canada,Maple sugar,Imports,82,Metric Tonne,0
2020,Canada,Maple sugar,Imports,307,Metric Tonne,0
2020,Canada,Maple sugar,Imports,142,Metric Tonne,0
2020,Canada,Maple sugar,Imports,909,Metric Tonne,0
2020,Canada,Maple sugar,Imports,5638,Metric Tonne,1
2020,Canada,Maple sugar,Imports,6255,Metric Tonne,2
2020,Canada,Maple sugar,Imports,659,Metric Tonne,0
2020,Canada,Maple sugar,Imports,5674,Metric Tonne,1
2020,Canada,Maple sugar,Imports,7649,Metric Tonne,2
2020,Canada,Maple syrup,Exports,7501491,Liters,610183
2020,Canada,Maple syrup,Exports,8915370,Liters,781933
2020,Canada,Maple syrup,Exports,10251468,Liters,963150
2020,Canada,Maple syrup,Exports,8699399,Liters,714634
2020,Canada,Maple syrup,Exports,10367486,Liters,770539
2020,Canada,Maple syrup,Exports,4668750,Liters,428826
2020,Canada,Maple syrup,Exports,10083585,Liters,1032780
2020,Canada,Maple syrup,Exports,8752810,Liters,818213
2020,Canada,Maple syrup,Exports,10309508,Liters,863555
2020,Canada,Maple syrup,Exports,10076032,Liters,913168
2020,Canada,Maple syrup,Exports,7381928,Liters,679497
2020,Canada,Maple syrup,Exports,6584021,Liters,571092
2020,Canada,Maple syrup,Exports,34999137,Liters,3110389
2020,Canada,Maple syrup,Exports,23574456,Liters,2139663
2020,Canada,Maple syrup,Exports,37438725,Liters,3550954
2020,Canada,Maple syrup,Exports,39180452,Liters,3246397
2020,Canada,Maple syrup,Exports,28196667,Liters,2716477
2020,Canada,Maple syrup,Exports,33085358,Liters,2876855
2020,Canada,Maple syrup,Exports,37147034,Liters,3383333
2020,Canada,Maple syrup,Exports,26739384,Liters,2503461
2020,Canada,Maple syrup,Exports,36069135,Liters,3319195
2020,Canada,Maple syrup,Exports,34093829,Liters,2981427
2020,Canada,Maple syrup,Exports,37125219,Liters,3541905
2020,Canada,Maple syrup,Exports,30518063,Liters,2985150
2020,Canada,Maple syrup,Imports,212223,Liters,18850
2020,Canada,Maple syrup,Imports,174978,Liters,21060
2020,Canada,Maple syrup,Imports,610385,Liters,64908
2020,Canada,Maple syrup,Imports,299788,Liters,34777
2020,Canada,Maple syrup,Imports,335788,Liters,39508
2020,Canada,Maple syrup,Imports,1317545,Liters,133952
2020,Canada,Maple syrup,Imports,304201,Liters,33569
2020,Canada,Maple syrup,Imports,3924659,Liters,534571
2020,Canada,Maple syrup,Imports,592503,Liters,62017
2020,Canada,Maple syrup,Imports,235058,Liters,28286
2020,Canada,Maple syrup,Imports,4466236,Liters,607042
2020,Canada,Maple syrup,Imports,2986071,Liters,402565
2021,Canada,Maple sugar,Exports,2646736,Metric Tonne,259
2021,Canada,Maple sugar,Exports,2648409,Metric Tonne,260
2021,Canada,Maple sugar,Exports,2871189,Metric Tonne,283
2021,Canada,Maple sugar,Exports,3393649,Metric Tonne,379
2021,Canada,Maple sugar,Exports,2927691,Metric Tonne,316
2021,Canada,Maple sugar,Exports,3038295,Metric Tonne,316
2021,Canada,Maple sugar,Exports,3242762,Metric Tonne,387
2021,Canada,Maple sugar,Exports,3787970,Metric Tonne,351
2021,Canada,Maple sugar,Exports,1646784,Metric Tonne,167
2021,Canada,Maple sugar,Exports,1926747,Metric Tonne,189
2021,Canada,Maple sugar,Exports,3133537,Metric Tonne,357
2021,Canada,Maple sugar,Exports,2707908,Metric Tonne,288
2021,Canada,Maple sugar,Imports,13681,Metric Tonne,3
2021,Canada,Maple sugar,Imports,57,Metric Tonne,0
2021,Canada,Maple sugar,Imports,267,Metric Tonne,0
2021,Canada,Maple sugar,Imports,3297,Metric Tonne,1
2021,Canada,Maple sugar,Imports,321,Metric Tonne,0
2021,Canada,Maple sugar,Imports,186,Metric Tonne,0
2021,Canada,Maple sugar,Imports,1316,Metric Tonne,0
2021,Canada,Maple sugar,Imports,2349,Metric Tonne,1
2021,Canada,Maple sugar,Imports,2913,Metric Tonne,1
2021,Canada,Maple sugar,Imports,5626,Metric Tonne,1
2021,Canada,Maple sugar,Imports,8871,Metric Tonne,2
2021,Canada,Maple sugar,Imports,12523,Metric Tonne,3
2021,Canada,Maple syrup,Exports,8231828,Liters,820691
2021,Canada,Maple syrup,Exports,11668825,Liters,1179748
2021,Canada,Maple syrup,Exports,7017660,Liters,626531
2021,Canada,Maple syrup,Exports,6925749,Liters,631498
2021,Canada,Maple syrup,Exports,8680864,Liters,870409
2021,Canada,Maple syrup,Exports,11254878,Liters,1049020
2021,Canada,Maple syrup,Exports,7370584,Liters,674286
2021,Canada,Maple syrup,Exports,7648597,Liters,653073
2021,Canada,Maple syrup,Exports,10139685,Liters,1051281
2021,Canada,Maple syrup,Exports,8440004,Liters,845587
2021,Canada,Maple syrup,Exports,7461138,Liters,680793
2021,Canada,Maple syrup,Exports,11638377,Liters,1098055
2021,Canada,Maple syrup,Exports,37063775,Liters,3556208
2021,Canada,Maple syrup,Exports,31802411,Liters,2981328
2021,Canada,Maple syrup,Exports,33086919,Liters,3174295
2021,Canada,Maple syrup,Exports,43239314,Liters,4153172
2021,Canada,Maple syrup,Exports,33858992,Liters,3217548
2021,Canada,Maple syrup,Exports,43357644,Liters,4191970
2021,Canada,Maple syrup,Exports,44504612,Liters,4137433
2021,Canada,Maple syrup,Exports,45885279,Liters,4339689
2021,Canada,Maple syrup,Exports,28747195,Liters,2729392
2021,Canada,Maple syrup,Exports,35577908,Liters,3409027
2021,Canada,Maple syrup,Exports,34793096,Liters,3107777
2021,Canada,Maple syrup,Exports,39535031,Liters,3694794
2021,Canada,Maple syrup,Imports,57319,Liters,4771
2021,Canada,Maple syrup,Imports,4230680,Liters,576944
2021,Canada,Maple syrup,Imports,156942,Liters,17733
2021,Canada,Maple syrup,Imports,233079,Liters,26026
2021,Canada,Maple syrup,Imports,1993205,Liters,260186
2021,Canada,Maple syrup,Imports,115472,Liters,7332
2021,Canada,Maple syrup,Imports,24577,Liters,1351
2021,Canada,Maple syrup,Imports,119271,Liters,7952
2021,Canada,Maple syrup,Imports,74175,Liters,7561
2021,Canada,Maple syrup,Imports,615985,Liters,82110
2021,Canada,Maple syrup,Imports,3001752,Liters,397612
2021,Canada,Maple syrup,Imports,337005,Liters,36790
2022,Canada,Maple sugar,Exports,2964250,Metric Tonne,295
2022,Canada,Maple sugar,Exports,2739465,Metric Tonne,322
2022,Canada,Maple sugar,Exports,2511045,Metric Tonne,235
2022,Canada,Maple sugar,Exports,3188036,Metric Tonne,322
2022,Canada,Maple sugar,Exports,1785702,Metric Tonne,184
2022,Canada,Maple sugar,Exports,1786257,Metric Tonne,166
2022,Canada,Maple sugar,Exports,1645312,Metric Tonne,151
2022,Canada,Maple sugar,Exports,3000028,Metric Tonne,260
2022,Canada,Maple sugar,Exports,2695290,Metric Tonne,290
2022,Canada,Maple sugar,Exports,3262030,Metric Tonne,296
2022,Canada,Maple sugar,Exports,2587510,Metric Tonne,253
2022,Canada,Maple sugar,Exports,1372222,Metric Tonne,155
2022,Canada,Maple sugar,Imports,6187,Metric Tonne,2
2022,Canada,Maple sugar,Imports,7007,Metric Tonne,2
2022,Canada,Maple sugar,Imports,40182,Metric Tonne,10
2022,Canada,Maple sugar,Imports,1232,Metric Tonne,0
2022,Canada,Maple sugar,Imports,1394,Metric Tonne,0
2022,Canada,Maple sugar,Imports,23,Metric Tonne,0
2022,Canada,Maple sugar,Imports,4210,Metric Tonne,1
2022,Canada,Maple sugar,Imports,342,Metric Tonne,0
2022,Canada,Maple sugar,Imports,3800,Metric Tonne,1
2022,Canada,Maple sugar,Imports,25587,Metric Tonne,6
2022,Canada,Maple sugar,Imports,3064,Metric Tonne,1
2022,Canada,Maple syrup,Exports,8327313,Liters,655102
2022,Canada,Maple syrup,Exports,10700088,Liters,800314
2022,Canada,Maple syrup,Exports,7988889,Liters,595394
2022,Canada,Maple syrup,Exports,6930647,Liters,548220
2022,Canada,Maple syrup,Exports,6515563,Liters,508847
2022,Canada,Maple syrup,Exports,9124290,Liters,679039
2022,Canada,Maple syrup,Exports,9836201,Liters,735151
2022,Canada,Maple syrup,Exports,10092205,Liters,783216
2022,Canada,Maple syrup,Exports,8659557,Liters,705461
2022,Canada,Maple syrup,Exports,7690605,Liters,559578
2022,Canada,Maple syrup,Exports,10171904,Liters,801789
2022,Canada,Maple syrup,Exports,7430575,Liters,567466
2022,Canada,Maple syrup,Exports,46572836,Liters,4385602
2022,Canada,Maple syrup,Exports,46319210,Liters,3891504
2022,Canada,Maple syrup,Exports,34955000,Liters,3088712
2022,Canada,Maple syrup,Exports,35020143,Liters,2952497
2022,Canada,Maple syrup,Exports,42173671,Liters,3922713
2022,Canada,Maple syrup,Exports,38743664,Liters,3541992
2022,Canada,Maple syrup,Exports,38584829,Liters,3248188
2022,Canada,Maple syrup,Exports,46935424,Liters,4325146
2022,Canada,Maple syrup,Exports,43811160,Liters,3675790
2022,Canada,Maple syrup,Exports,29636627,Liters,2609065
2022,Canada,Maple syrup,Exports,44023766,Liters,3714984
2022,Canada,Maple syrup,Exports,36853342,Liters,3249061
2022,Canada,Maple syrup,Imports,5423865,Liters,740225
2022,Canada,Maple syrup,Imports,1494545,Liters,194843
2022,Canada,Maple syrup,Imports,5672957,Liters,758086
2022,Canada,Maple syrup,Imports,1993385,Liters,260348
2022,Canada,Maple syrup,Imports,80606,Liters,16665
2022,Canada,Maple syrup,Imports,357599,Liters,24518
2022,Canada,Maple syrup,Imports,523245,Liters,73183
2022,Canada,Maple syrup,Imports,87277,Liters,4661
2022,Canada,Maple syrup,Imports,146088,Liters,11161
2022,Canada,Maple syrup,Imports,743728,Liters,74424
2022,Canada,Maple syrup,Imports,123901,Liters,10295
2022,Canada,Maple syrup,Imports,199324,Liters,17298
2023,Canada,Maple sugar,Exports,2124437,Metric Tonne,263
2023,Canada,Maple sugar,Imports,220,Metric Tonne,0
2023,Canada,Maple syrup,Exports,15812812,Liters,1128803
2023,Canada,Maple syrup,Exports,31257163,Liters,2672147
2023,Canada,Maple syrup,Imports,305751,Liters,32301
